po_id,supplier_id,sku_id,ordered_qty,unit_cost,status,order_date,expected_date,actual_date,created_at
1,1,474,328,166.88,received,2023-02-08,2023-02-10,2023-02-10,2023-02-08
2,10,337,58,76.6,received,2023-01-17,2023-01-26,2023-01-26,2023-01-17
3,4,301,89,158.96,received,2023-03-15,2023-03-23,2023-03-24,2023-03-15
4,5,84,396,30.39,received,2023-10-16,2023-10-21,2023-10-22,2023-10-16
5,15,277,454,78.43,received,2023-06-19,2023-06-26,2023-06-25,2023-06-19
6,12,371,77,17.69,received,2023-02-10,2023-02-14,2023-02-14,2023-02-10
7,2,224,359,80.38,received,2023-04-29,2023-05-04,2023-05-04,2023-04-29
8,13,315,65,289.71,received,2023-11-01,2023-12-01,2023-12-01,2023-11-01
9,11,140,333,37.52,received,2023-08-19,2023-08-21,2023-08-21,2023-08-19
10,7,222,93,19.14,received,2023-04-06,2023-04-13,2023-04-14,2023-04-06
11,13,317,92,345.75,received,2023-06-01,2023-07-01,2023-07-06,2023-06-01
12,5,79,428,370.96,received,2023-07-14,2023-07-19,2023-07-18,2023-07-14
13,7,163,207,106.24,received,2023-07-04,2023-07-11,2023-07-09,2023-07-04
14,8,185,145,122.62,received,2023-05-19,2023-06-14,2023-06-12,2023-05-19
15,7,230,102,65.35,received,2023-10-13,2023-10-20,2023-10-21,2023-10-13
16,1,46,492,349.76,received,2023-07-01,2023-07-03,2023-07-03,2023-07-01
17,7,7,421,52.32,received,2023-05-30,2023-06-06,2023-06-04,2023-05-30
18,15,287,400,59.92,received,2023-05-05,2023-05-12,2023-05-11,2023-05-05
19,7,87,302,66.4,received,2023-03-13,2023-03-20,2023-03-20,2023-03-13
20,3,33,203,22.14,received,2023-03-27,2023-04-20,2023-04-21,2023-03-27
21,8,401,419,18.57,received,2023-02-09,2023-03-07,2023-03-06,2023-02-09
22,11,254,104,51.37,received,2023-11-01,2023-11-03,2023-11-04,2023-11-01
23,3,156,480,11.24,received,2023-01-04,2023-01-28,2023-02-10,2023-01-04
24,10,195,467,66.54,received,2023-06-18,2023-06-27,2023-06-28,2023-06-18
25,14,441,203,45.45,received,2023-11-30,2023-12-10,2023-12-17,2023-11-30
26,6,309,140,124.39,received,2023-12-22,2023-12-25,2023-12-25,2023-12-22
27,7,496,344,138.81,received,2023-06-13,2023-06-20,2023-06-21,2023-06-13
28,13,125,236,60.03,received,2023-06-16,2023-07-16,2023-07-17,2023-06-16
29,2,478,399,211.66,received,2023-10-16,2023-10-21,2023-10-20,2023-10-16
30,13,282,412,19.16,received,2023-01-14,2023-02-13,2023-03-02,2023-01-14
31,4,225,469,51.25,received,2023-05-30,2023-06-07,2023-06-05,2023-05-30
32,14,408,374,37.55,received,2023-07-29,2023-08-08,2023-08-07,2023-07-29
33,5,124,454,187.37,received,2023-05-10,2023-05-15,2023-05-16,2023-05-10
34,7,38,348,148.28,received,2023-08-18,2023-08-25,2023-09-12,2023-08-18
35,7,274,328,46.29,received,2023-09-17,2023-09-24,2023-10-10,2023-09-17
36,1,405,105,40.21,received,2023-07-04,2023-07-06,2023-07-04,2023-07-04
37,13,128,381,141.45,received,2023-12-03,2024-01-02,2024-01-01,2023-12-03
38,10,23,435,168.23,received,2023-10-16,2023-10-25,2023-11-09,2023-10-16
39,6,495,182,39.0,received,2023-08-09,2023-08-12,2023-08-10,2023-08-09
40,4,262,278,281.19,received,2023-09-23,2023-10-01,2023-09-30,2023-09-23
41,6,201,226,111.14,received,2023-08-26,2023-08-29,2023-08-28,2023-08-26
42,1,248,109,18.05,received,2023-02-23,2023-02-25,2023-02-23,2023-02-23
43,14,482,283,19.13,received,2023-03-14,2023-03-24,2023-03-24,2023-03-14
44,13,106,99,32.27,received,2023-09-24,2023-10-24,2023-10-25,2023-09-24
45,8,370,203,128.4,received,2023-12-23,2024-01-18,2024-01-16,2023-12-23
46,1,415,381,97.16,received,2023-12-30,2024-01-01,2024-01-01,2023-12-30
47,2,347,314,16.83,received,2023-03-26,2023-03-31,2023-04-10,2023-03-26
48,3,283,286,236.92,received,2023-03-23,2023-04-16,2023-04-17,2023-03-23
49,4,409,377,176.16,received,2023-07-27,2023-08-04,2023-08-03,2023-07-27
50,11,222,280,19.14,received,2023-07-22,2023-07-24,2023-07-23,2023-07-22
51,10,220,155,175.26,received,2023-07-19,2023-07-28,2023-07-27,2023-07-19
52,5,386,345,66.08,received,2023-12-27,2024-01-01,2023-12-30,2023-12-27
53,2,410,150,45.34,received,2023-10-02,2023-10-07,2023-10-07,2023-10-02
54,8,59,320,145.12,received,2023-05-15,2023-06-10,2023-06-11,2023-05-15
55,11,161,350,63.97,received,2023-11-02,2023-11-04,2023-11-05,2023-11-02
56,2,179,466,19.57,received,2023-06-30,2023-07-05,2023-07-04,2023-06-30
57,11,362,394,126.63,received,2023-06-02,2023-06-04,2023-06-02,2023-06-02
58,3,161,143,63.97,received,2023-03-02,2023-03-26,2023-03-24,2023-03-02
59,6,356,355,23.63,received,2023-03-14,2023-03-17,2023-03-18,2023-03-14
60,3,295,375,320.95,received,2023-07-16,2023-08-09,2023-08-10,2023-07-16
61,9,356,334,23.63,received,2023-11-27,2023-12-10,2023-12-18,2023-11-27
62,3,251,481,13.5,received,2023-05-28,2023-06-21,2023-06-21,2023-05-28
63,8,318,298,11.19,received,2023-01-28,2023-02-23,2023-02-26,2023-01-28
64,3,100,384,112.77,received,2023-07-16,2023-08-09,2023-08-28,2023-07-16
65,8,210,300,107.29,received,2023-12-17,2024-01-12,2024-01-13,2023-12-17
66,3,43,199,104.38,received,2023-10-17,2023-11-10,2023-11-09,2023-10-17
67,1,141,449,221.17,received,2023-04-26,2023-04-28,2023-04-27,2023-04-26
68,8,290,343,182.0,received,2023-09-11,2023-10-07,2023-10-05,2023-09-11
69,2,138,327,19.77,received,2023-10-06,2023-10-11,2023-10-11,2023-10-06
70,14,388,329,81.11,received,2023-01-22,2023-02-01,2023-02-02,2023-01-22
71,4,218,202,48.06,received,2023-02-22,2023-03-02,2023-03-01,2023-02-22
72,14,17,274,58.24,received,2023-08-19,2023-08-29,2023-08-27,2023-08-19
73,14,61,490,41.46,received,2023-05-02,2023-05-12,2023-05-12,2023-05-02
74,12,313,451,420.78,received,2023-11-20,2023-11-24,2023-11-23,2023-11-20
75,4,417,322,43.66,received,2023-04-16,2023-04-24,2023-04-24,2023-04-16
76,5,306,198,29.36,received,2023-10-03,2023-10-08,2023-10-08,2023-10-03
77,10,137,119,43.66,received,2023-09-21,2023-09-30,2023-10-06,2023-09-21
78,13,403,493,31.8,received,2023-07-30,2023-08-29,2023-09-09,2023-07-30
79,11,65,124,231.4,received,2023-12-26,2023-12-28,2023-12-27,2023-12-26
80,12,165,300,53.23,received,2023-05-07,2023-05-11,2023-05-12,2023-05-07
81,3,296,242,17.5,received,2023-11-20,2023-12-14,2023-12-15,2023-11-20
82,8,39,256,78.61,received,2023-11-21,2023-12-17,2023-12-15,2023-11-21
83,9,384,282,25.9,received,2023-05-23,2023-06-05,2023-06-05,2023-05-23
84,8,168,424,102.61,received,2023-10-25,2023-11-20,2023-11-18,2023-10-25
85,8,326,457,41.79,received,2023-12-07,2024-01-02,2023-12-31,2023-12-07
86,9,204,303,18.28,received,2023-04-22,2023-05-05,2023-05-14,2023-04-22
87,5,166,339,154.94,received,2023-05-26,2023-05-31,2023-05-30,2023-05-26
88,14,249,73,122.92,received,2023-06-25,2023-07-05,2023-07-03,2023-06-25
89,2,321,275,19.43,received,2023-08-24,2023-08-29,2023-08-28,2023-08-24
90,8,1,382,241.97,received,2023-08-08,2023-09-03,2023-09-02,2023-08-08
91,5,82,178,53.93,received,2023-05-21,2023-05-26,2023-05-26,2023-05-21
92,2,191,76,29.69,received,2023-12-07,2023-12-12,2023-12-11,2023-12-07
93,7,321,269,19.43,received,2023-06-06,2023-06-13,2023-06-12,2023-06-06
94,11,47,294,419.22,received,2023-12-27,2023-12-29,2023-12-28,2023-12-27
95,2,68,54,49.96,received,2023-10-31,2023-11-05,2023-11-06,2023-10-31
96,1,357,405,79.2,received,2023-06-25,2023-06-27,2023-06-28,2023-06-25
97,3,245,424,80.59,received,2023-02-06,2023-03-02,2023-02-28,2023-02-06
98,13,53,120,86.88,received,2023-02-22,2023-03-24,2023-03-24,2023-02-22
99,7,397,85,19.11,received,2023-03-10,2023-03-17,2023-03-16,2023-03-10
100,9,289,275,56.38,received,2023-01-05,2023-01-18,2023-01-17,2023-01-05
101,6,370,260,128.4,received,2023-04-20,2023-04-23,2023-04-22,2023-04-20
102,10,352,101,65.03,received,2023-08-15,2023-08-24,2023-08-22,2023-08-15
103,3,386,229,66.08,received,2023-03-05,2023-03-29,2023-03-30,2023-03-05
104,7,162,177,403.13,received,2023-03-13,2023-03-20,2023-03-18,2023-03-13
105,9,308,448,25.9,received,2023-11-04,2023-11-17,2023-11-17,2023-11-04
106,12,14,315,9.76,received,2023-12-04,2023-12-08,2023-12-07,2023-12-04
107,10,261,380,179.6,received,2023-04-07,2023-04-16,2023-04-16,2023-04-07
108,1,402,173,273.72,received,2023-05-03,2023-05-05,2023-05-03,2023-05-03
109,8,327,234,151.87,received,2023-11-01,2023-11-27,2023-11-25,2023-11-01
110,15,163,237,106.24,received,2023-03-09,2023-03-16,2023-03-17,2023-03-09
111,9,350,58,17.73,received,2023-03-30,2023-04-12,2023-04-10,2023-03-30
112,10,35,80,113.42,received,2023-01-08,2023-01-17,2023-01-15,2023-01-08
113,13,204,266,18.28,received,2023-09-17,2023-10-17,2023-10-18,2023-09-17
114,12,206,192,229.74,received,2023-02-12,2023-02-16,2023-02-15,2023-02-12
115,2,159,463,32.49,received,2023-02-10,2023-02-15,2023-02-14,2023-02-10
116,3,275,208,74.0,received,2023-06-17,2023-07-11,2023-07-09,2023-06-17
117,12,224,272,80.38,received,2023-05-03,2023-05-07,2023-05-05,2023-05-03
118,2,233,391,91.67,received,2023-11-10,2023-11-15,2023-11-15,2023-11-10
119,12,337,409,76.6,received,2023-03-31,2023-04-04,2023-04-03,2023-03-31
120,1,84,314,30.39,received,2023-09-12,2023-09-14,2023-10-03,2023-09-12
121,13,422,433,37.61,received,2023-05-13,2023-06-12,2023-06-11,2023-05-13
122,13,448,444,37.19,received,2023-05-18,2023-06-17,2023-06-15,2023-05-18
123,15,16,318,13.03,received,2023-06-21,2023-06-28,2023-06-28,2023-06-21
124,2,135,304,69.63,received,2023-12-31,2024-01-05,2024-01-10,2023-12-31
125,8,262,238,281.19,received,2023-07-04,2023-07-30,2023-07-29,2023-07-04
126,3,131,166,52.45,received,2023-02-22,2023-03-18,2023-03-24,2023-02-22
127,12,261,175,179.6,received,2023-01-02,2023-01-06,2023-01-04,2023-01-02
128,1,242,141,44.02,received,2023-07-06,2023-07-08,2023-07-07,2023-07-06
129,15,492,164,193.96,received,2023-01-19,2023-01-26,2023-01-27,2023-01-19
130,6,128,188,141.45,received,2023-08-02,2023-08-05,2023-08-05,2023-08-02
131,14,40,141,123.48,received,2023-10-20,2023-10-30,2023-10-28,2023-10-20
132,4,412,85,183.53,received,2023-09-22,2023-09-30,2023-10-15,2023-09-22
133,15,239,217,29.7,received,2023-05-25,2023-06-01,2023-06-01,2023-05-25
134,2,284,199,5.35,received,2023-08-22,2023-08-27,2023-08-26,2023-08-22
135,10,402,287,273.72,received,2023-06-05,2023-06-14,2023-06-13,2023-06-05
136,6,303,425,143.01,received,2023-09-10,2023-09-13,2023-09-22,2023-09-10
137,15,280,62,9.09,received,2023-05-06,2023-05-13,2023-05-14,2023-05-06
138,4,278,221,56.25,received,2023-06-27,2023-07-05,2023-07-03,2023-06-27
139,1,389,103,13.04,received,2023-12-03,2023-12-05,2023-12-05,2023-12-03
140,4,272,122,163.5,received,2023-05-02,2023-05-10,2023-05-08,2023-05-02
141,12,144,482,87.14,received,2023-02-17,2023-02-21,2023-02-20,2023-02-17
142,9,212,432,38.82,received,2023-12-25,2024-01-07,2024-01-24,2023-12-25
143,2,298,88,66.8,received,2023-02-18,2023-02-23,2023-02-24,2023-02-18
144,10,291,171,51.74,received,2023-02-01,2023-02-10,2023-02-09,2023-02-01
145,5,134,408,78.62,received,2023-06-11,2023-06-16,2023-07-01,2023-06-11
146,14,377,169,31.02,received,2023-06-17,2023-06-27,2023-06-27,2023-06-17
147,2,484,129,14.33,received,2023-04-14,2023-04-19,2023-04-17,2023-04-14
148,2,85,111,33.89,received,2023-08-19,2023-08-24,2023-08-25,2023-08-19
149,9,184,185,92.74,received,2023-04-17,2023-04-30,2023-05-01,2023-04-17
150,14,62,473,16.65,received,2023-02-16,2023-02-26,2023-02-26,2023-02-16
151,12,357,125,79.2,received,2023-11-05,2023-11-09,2023-11-09,2023-11-05
152,2,365,312,8.08,received,2023-05-08,2023-05-13,2023-05-28,2023-05-08
153,1,347,65,16.83,received,2023-06-03,2023-06-05,2023-06-04,2023-06-03
154,7,438,98,163.91,received,2023-08-20,2023-08-27,2023-08-26,2023-08-20
155,8,53,475,86.88,received,2023-03-13,2023-04-08,2023-04-06,2023-03-13
156,13,114,240,157.24,received,2023-03-08,2023-04-07,2023-04-08,2023-03-08
157,11,323,466,23.01,received,2023-11-27,2023-11-29,2023-11-29,2023-11-27
158,2,12,464,19.93,received,2023-02-03,2023-02-08,2023-02-09,2023-02-03
159,3,48,75,10.97,received,2023-06-19,2023-07-13,2023-07-14,2023-06-19
160,3,474,304,166.88,received,2023-10-21,2023-11-14,2023-11-15,2023-10-21
161,1,196,159,64.78,received,2023-12-16,2023-12-18,2023-12-18,2023-12-16
162,15,96,67,10.94,received,2023-05-21,2023-05-28,2023-05-27,2023-05-21
163,10,318,305,11.19,received,2023-11-12,2023-11-21,2023-11-21,2023-11-12
164,7,452,193,60.08,received,2023-10-09,2023-10-16,2023-10-14,2023-10-09
165,7,71,372,65.88,received,2023-08-03,2023-08-10,2023-08-09,2023-08-03
166,13,279,295,8.08,received,2023-01-10,2023-02-09,2023-02-23,2023-01-10
167,9,401,248,18.57,received,2023-09-06,2023-09-19,2023-09-19,2023-09-06
168,5,93,65,53.04,received,2023-01-14,2023-01-19,2023-01-18,2023-01-14
169,15,416,321,68.28,received,2023-05-24,2023-05-31,2023-06-01,2023-05-24
170,6,393,101,103.58,received,2023-10-27,2023-10-30,2023-11-07,2023-10-27
171,4,337,441,76.6,received,2023-05-04,2023-05-12,2023-05-10,2023-05-04
172,4,295,140,320.95,received,2023-07-18,2023-07-26,2023-07-25,2023-07-18
173,4,304,352,96.61,received,2023-06-12,2023-06-20,2023-06-20,2023-06-12
174,1,361,338,241.22,received,2023-12-25,2023-12-27,2023-12-26,2023-12-25
175,4,429,301,43.35,received,2023-09-10,2023-09-18,2023-09-17,2023-09-10
176,1,47,60,419.22,received,2023-01-29,2023-01-31,2023-01-30,2023-01-29
177,9,245,462,80.59,received,2023-01-01,2023-01-14,2023-01-13,2023-01-01
178,3,175,80,353.66,received,2023-04-01,2023-04-25,2023-05-08,2023-04-01
179,1,76,446,22.08,received,2023-10-28,2023-10-30,2023-10-29,2023-10-28
180,2,434,241,119.19,received,2023-09-27,2023-10-02,2023-09-30,2023-09-27
181,12,483,222,37.13,received,2023-12-06,2023-12-10,2023-12-08,2023-12-06
182,5,166,455,154.94,received,2023-03-11,2023-03-16,2023-04-01,2023-03-11
183,11,492,412,193.96,received,2023-09-07,2023-09-09,2023-09-08,2023-09-07
184,9,356,390,23.63,received,2023-11-11,2023-11-24,2023-11-23,2023-11-11
185,10,418,115,180.46,received,2023-03-31,2023-04-09,2023-04-09,2023-03-31
186,3,374,250,103.3,received,2023-01-01,2023-01-25,2023-02-15,2023-01-01
187,14,395,464,109.86,received,2023-10-18,2023-10-28,2023-10-28,2023-10-18
188,10,114,122,157.24,received,2023-11-24,2023-12-03,2023-12-04,2023-11-24
189,6,382,135,43.88,received,2023-02-09,2023-02-12,2023-02-12,2023-02-09
190,11,454,278,56.98,received,2023-02-15,2023-02-17,2023-02-17,2023-02-15
191,1,136,229,144.73,received,2023-04-18,2023-04-20,2023-04-18,2023-04-18
192,5,403,247,31.8,received,2023-02-25,2023-03-02,2023-02-28,2023-02-25
193,8,376,302,131.84,received,2023-08-03,2023-08-29,2023-09-14,2023-08-03
194,15,194,474,369.8,received,2023-06-29,2023-07-06,2023-07-04,2023-06-29
195,8,404,133,44.47,received,2023-10-23,2023-11-18,2023-11-17,2023-10-23
196,8,38,183,148.28,received,2023-01-18,2023-02-13,2023-02-13,2023-01-18
197,2,38,132,148.28,received,2023-06-25,2023-06-30,2023-07-01,2023-06-25
198,12,39,223,78.61,received,2023-10-08,2023-10-12,2023-10-10,2023-10-08
199,10,315,384,289.71,received,2023-09-05,2023-09-14,2023-09-15,2023-09-05
200,3,311,219,281.11,received,2023-08-11,2023-09-04,2023-09-02,2023-08-11
201,4,499,388,45.63,received,2023-04-08,2023-04-16,2023-04-16,2023-04-08
202,5,153,342,43.83,received,2023-05-02,2023-05-07,2023-05-08,2023-05-02
203,9,431,51,404.21,received,2023-09-09,2023-09-22,2023-09-22,2023-09-09
204,7,45,152,6.05,received,2023-05-31,2023-06-07,2023-06-08,2023-05-31
205,2,14,91,9.76,received,2023-04-16,2023-04-21,2023-04-21,2023-04-16
206,8,433,291,160.25,received,2023-03-01,2023-03-27,2023-03-28,2023-03-01
207,8,459,144,308.12,received,2023-12-05,2023-12-31,2024-01-01,2023-12-05
208,6,454,72,56.98,received,2023-07-15,2023-07-18,2023-07-19,2023-07-15
209,5,226,338,4.79,received,2023-08-27,2023-09-01,2023-09-01,2023-08-27
210,1,78,392,51.35,received,2023-12-23,2023-12-25,2023-12-23,2023-12-23
211,6,414,333,78.32,received,2023-10-05,2023-10-08,2023-10-07,2023-10-05
212,1,431,324,404.21,received,2023-07-18,2023-07-20,2023-07-21,2023-07-18
213,11,444,293,8.49,received,2023-09-01,2023-09-03,2023-09-02,2023-09-01
214,5,41,307,37.95,received,2023-07-22,2023-07-27,2023-07-31,2023-07-22
215,10,462,111,258.01,received,2023-09-22,2023-10-01,2023-09-30,2023-09-22
216,13,230,158,65.35,received,2023-03-30,2023-04-29,2023-05-07,2023-03-30
217,13,99,399,252.13,received,2023-03-06,2023-04-05,2023-04-03,2023-03-06
218,7,104,213,27.59,received,2023-11-18,2023-11-25,2023-11-25,2023-11-18
219,15,373,332,26.18,received,2023-02-04,2023-02-11,2023-02-12,2023-02-04
220,6,439,452,98.91,received,2023-05-22,2023-05-25,2023-05-23,2023-05-22
221,12,320,107,130.95,received,2023-10-28,2023-11-01,2023-11-02,2023-10-28
222,7,77,104,21.79,received,2023-03-17,2023-03-24,2023-03-22,2023-03-17
223,10,400,499,179.45,received,2023-02-21,2023-03-02,2023-03-02,2023-02-21
224,7,136,69,144.73,received,2023-07-16,2023-07-23,2023-07-24,2023-07-16
225,3,142,69,37.44,received,2023-07-26,2023-08-19,2023-08-20,2023-07-26
226,7,456,431,405.86,received,2023-06-19,2023-06-26,2023-06-24,2023-06-19
227,8,472,222,68.11,received,2023-05-18,2023-06-13,2023-06-16,2023-05-18
228,14,407,489,71.31,received,2023-06-05,2023-06-15,2023-06-16,2023-06-05
229,12,351,118,65.15,received,2023-02-20,2023-02-24,2023-03-06,2023-02-20
230,5,499,187,45.63,received,2023-08-15,2023-08-20,2023-08-20,2023-08-15
231,12,214,276,149.3,received,2023-11-06,2023-11-10,2023-11-09,2023-11-06
232,4,468,470,82.71,received,2023-07-28,2023-08-05,2023-08-05,2023-07-28
233,1,264,119,213.02,received,2023-03-23,2023-03-25,2023-03-26,2023-03-23
234,13,436,138,197.96,received,2023-09-26,2023-10-26,2023-10-29,2023-09-26
235,4,449,66,95.28,received,2023-04-13,2023-04-21,2023-04-20,2023-04-13
236,8,26,238,27.24,received,2023-07-04,2023-07-30,2023-07-30,2023-07-04
237,14,238,398,36.46,received,2023-09-16,2023-09-26,2023-09-24,2023-09-16
238,1,124,140,187.37,received,2023-07-10,2023-07-12,2023-07-13,2023-07-10
239,14,243,133,15.99,received,2023-10-28,2023-11-07,2023-11-07,2023-10-28
240,14,458,195,19.85,received,2023-05-13,2023-05-23,2023-05-21,2023-05-13
241,1,198,488,15.92,received,2023-01-26,2023-01-28,2023-01-27,2023-01-26
242,4,332,383,91.51,received,2023-04-26,2023-05-04,2023-05-04,2023-04-26
243,7,263,292,30.66,received,2023-01-11,2023-01-18,2023-01-16,2023-01-11
244,15,68,164,49.96,received,2023-11-28,2023-12-05,2023-12-03,2023-11-28
245,5,312,266,55.84,received,2023-06-06,2023-06-11,2023-06-11,2023-06-06
246,15,193,288,79.2,received,2023-06-28,2023-07-05,2023-07-04,2023-06-28
247,5,347,349,16.83,received,2023-09-24,2023-09-29,2023-09-30,2023-09-24
248,2,4,337,71.79,received,2023-09-19,2023-09-24,2023-10-08,2023-09-19
249,11,305,296,133.07,received,2023-11-08,2023-11-10,2023-11-08,2023-11-08
250,2,173,183,62.3,received,2023-05-22,2023-05-27,2023-05-27,2023-05-22
251,11,365,314,8.08,received,2023-11-30,2023-12-02,2023-12-01,2023-11-30
252,13,124,388,187.37,received,2023-01-30,2023-03-01,2023-03-16,2023-01-30
253,6,349,201,92.4,received,2023-03-13,2023-03-16,2023-03-17,2023-03-13
254,5,465,348,250.73,received,2023-08-03,2023-08-08,2023-08-06,2023-08-03
255,12,293,401,65.69,received,2023-04-08,2023-04-12,2023-04-11,2023-04-08
256,9,327,309,151.87,received,2023-09-01,2023-09-14,2023-09-28,2023-09-01
257,5,433,200,160.25,received,2023-03-29,2023-04-03,2023-04-02,2023-03-29
258,2,242,398,44.02,received,2023-03-07,2023-03-12,2023-03-11,2023-03-07
259,15,172,164,109.89,received,2023-12-02,2023-12-09,2023-12-09,2023-12-02
260,12,447,240,12.47,received,2023-06-07,2023-06-11,2023-06-11,2023-06-07
261,5,300,290,35.8,received,2023-05-31,2023-06-05,2023-06-03,2023-05-31
262,1,444,291,8.49,received,2023-11-21,2023-11-23,2023-11-21,2023-11-21
263,15,100,321,112.77,received,2023-09-14,2023-09-21,2023-09-22,2023-09-14
264,5,212,120,38.82,received,2023-01-28,2023-02-02,2023-02-01,2023-01-28
265,4,176,123,215.1,received,2023-07-29,2023-08-06,2023-08-23,2023-07-29
266,6,442,220,109.11,received,2023-04-03,2023-04-06,2023-04-07,2023-04-03
267,11,91,281,52.01,received,2023-06-10,2023-06-12,2023-06-10,2023-06-10
268,5,108,300,109.81,received,2023-03-28,2023-04-02,2023-04-01,2023-03-28
269,13,391,374,36.84,received,2023-02-15,2023-03-17,2023-03-18,2023-02-15
270,7,207,52,160.37,received,2023-08-08,2023-08-15,2023-08-30,2023-08-08
271,1,274,214,46.29,received,2023-04-13,2023-04-15,2023-04-13,2023-04-13
272,13,427,370,37.3,received,2023-09-29,2023-10-29,2023-10-27,2023-09-29
273,12,128,209,141.45,received,2023-04-26,2023-04-30,2023-04-30,2023-04-26
274,3,53,135,86.88,received,2023-07-16,2023-08-09,2023-08-09,2023-07-16
275,2,422,283,37.61,received,2023-01-24,2023-01-29,2023-01-29,2023-01-24
276,12,267,401,132.74,received,2023-11-02,2023-11-06,2023-11-07,2023-11-02
277,3,176,134,215.1,received,2023-09-08,2023-10-02,2023-10-01,2023-09-08
278,15,471,422,79.48,received,2023-07-26,2023-08-02,2023-08-01,2023-07-26
279,3,109,113,79.78,received,2023-01-12,2023-02-05,2023-02-04,2023-01-12
280,6,365,498,8.08,received,2023-11-30,2023-12-03,2023-12-04,2023-11-30
281,11,131,388,52.45,received,2023-10-01,2023-10-03,2023-10-01,2023-10-01
282,2,335,263,63.98,received,2023-01-11,2023-01-16,2023-01-14,2023-01-11
283,8,195,409,66.54,received,2023-03-05,2023-03-31,2023-04-01,2023-03-05
284,3,106,204,32.27,received,2023-12-22,2024-01-15,2024-01-13,2023-12-22
285,7,339,368,53.19,received,2023-02-21,2023-02-28,2023-02-28,2023-02-21
286,10,359,311,34.85,received,2023-03-12,2023-03-21,2023-03-19,2023-03-12
287,12,317,304,345.75,received,2023-03-02,2023-03-06,2023-03-04,2023-03-02
288,4,312,233,55.84,received,2023-04-13,2023-04-21,2023-04-20,2023-04-13
289,12,210,156,107.29,received,2023-06-01,2023-06-05,2023-06-06,2023-06-01
290,12,478,56,211.66,received,2023-09-04,2023-09-08,2023-09-06,2023-09-04
291,11,46,126,349.76,received,2023-02-26,2023-02-28,2023-03-01,2023-02-26
292,2,400,181,179.45,received,2023-09-19,2023-09-24,2023-09-22,2023-09-19
293,11,119,185,62.94,received,2023-08-22,2023-08-24,2023-09-05,2023-08-22
294,8,26,486,27.24,received,2023-02-21,2023-03-19,2023-03-17,2023-02-21
295,5,185,98,122.62,received,2023-12-13,2023-12-18,2023-12-16,2023-12-13
296,14,389,389,13.04,received,2023-01-24,2023-02-03,2023-02-02,2023-01-24
297,11,88,368,16.53,received,2023-06-18,2023-06-20,2023-06-21,2023-06-18
298,5,450,143,85.58,received,2023-02-17,2023-02-22,2023-02-22,2023-02-17
299,2,206,477,229.74,received,2023-07-24,2023-07-29,2023-08-09,2023-07-24
300,7,354,107,9.86,received,2023-09-02,2023-09-09,2023-09-08,2023-09-02
301,3,357,103,79.2,received,2023-01-31,2023-02-24,2023-03-04,2023-01-31
302,7,467,142,46.24,received,2023-10-30,2023-11-06,2023-11-07,2023-10-30
303,10,195,297,66.54,received,2023-07-03,2023-07-12,2023-07-11,2023-07-03
304,15,250,73,102.4,received,2023-02-27,2023-03-06,2023-03-07,2023-02-27
305,2,134,392,78.62,received,2023-12-02,2023-12-07,2023-12-06,2023-12-02
306,14,174,271,193.87,received,2023-09-23,2023-10-03,2023-10-01,2023-09-23
307,11,373,126,26.18,received,2023-05-08,2023-05-10,2023-05-11,2023-05-08
308,14,424,55,14.56,received,2023-10-13,2023-10-23,2023-10-21,2023-10-13
309,11,479,486,128.45,received,2023-03-22,2023-03-24,2023-03-25,2023-03-22
310,8,446,214,4.06,received,2023-03-26,2023-04-21,2023-04-22,2023-03-26
311,4,170,331,113.26,received,2023-05-23,2023-05-31,2023-05-30,2023-05-23
312,11,194,285,369.8,received,2023-07-26,2023-07-28,2023-07-26,2023-07-26
313,8,411,278,111.03,received,2023-10-21,2023-11-16,2023-11-17,2023-10-21
314,6,61,102,41.46,received,2023-09-12,2023-09-15,2023-09-13,2023-09-12
315,7,212,472,38.82,received,2023-01-19,2023-01-26,2023-01-24,2023-01-19
316,2,406,310,49.96,received,2023-11-06,2023-11-11,2023-11-23,2023-11-06
317,9,106,236,32.27,received,2023-12-02,2023-12-15,2023-12-15,2023-12-02
318,14,28,336,121.28,received,2023-04-25,2023-05-05,2023-05-05,2023-04-25
319,13,318,416,11.19,received,2023-11-04,2023-12-04,2023-12-04,2023-11-04
320,8,59,51,145.12,received,2023-02-19,2023-03-17,2023-03-16,2023-02-19
321,6,182,330,153.05,received,2023-11-21,2023-11-24,2023-12-06,2023-11-21
322,9,192,302,51.08,received,2023-12-26,2024-01-08,2024-01-07,2023-12-26
323,3,421,146,52.62,received,2023-07-29,2023-08-22,2023-08-21,2023-07-29
324,2,477,416,126.78,received,2023-07-21,2023-07-26,2023-07-25,2023-07-21
325,6,56,445,41.85,received,2023-08-01,2023-08-04,2023-08-02,2023-08-01
326,15,231,305,97.56,received,2023-08-23,2023-08-30,2023-08-29,2023-08-23
327,1,272,479,163.5,received,2023-01-25,2023-01-27,2023-01-28,2023-01-25
328,10,248,404,18.05,received,2023-09-18,2023-09-27,2023-09-26,2023-09-18
329,10,89,308,42.24,received,2023-03-07,2023-03-16,2023-03-16,2023-03-07
330,15,197,190,79.1,received,2023-08-03,2023-08-10,2023-08-20,2023-08-03
331,7,494,462,407.92,received,2023-06-25,2023-07-02,2023-07-19,2023-06-25
332,3,71,481,65.88,received,2023-07-31,2023-08-24,2023-08-24,2023-07-31
333,12,281,152,128.29,received,2023-06-10,2023-06-14,2023-06-13,2023-06-10
334,4,320,413,130.95,received,2023-05-29,2023-06-06,2023-06-05,2023-05-29
335,11,500,413,77.27,received,2023-04-02,2023-04-04,2023-04-04,2023-04-02
336,2,390,395,107.05,received,2023-06-30,2023-07-05,2023-07-06,2023-06-30
337,12,458,463,19.85,received,2023-10-01,2023-10-05,2023-10-06,2023-10-01
338,1,268,77,10.82,received,2023-02-24,2023-02-26,2023-02-25,2023-02-24
339,11,29,196,35.58,received,2023-04-13,2023-04-15,2023-04-14,2023-04-13
340,11,129,154,126.57,received,2023-03-16,2023-03-18,2023-03-18,2023-03-16
341,13,278,102,56.25,received,2023-01-17,2023-02-16,2023-02-17,2023-01-17
342,10,445,430,129.1,received,2023-12-12,2023-12-21,2023-12-20,2023-12-12
343,11,288,404,77.81,received,2023-07-19,2023-07-21,2023-07-21,2023-07-19
344,11,25,332,68.47,received,2023-07-15,2023-07-17,2023-07-17,2023-07-15
345,1,7,474,52.32,received,2023-05-09,2023-05-11,2023-05-12,2023-05-09
346,4,467,436,46.24,received,2023-11-21,2023-11-29,2023-11-29,2023-11-21
347,10,280,200,9.09,received,2023-11-05,2023-11-14,2023-11-13,2023-11-05
348,8,91,426,52.01,received,2023-12-16,2024-01-11,2024-01-10,2023-12-16
349,9,62,334,16.65,received,2023-07-13,2023-07-26,2023-07-26,2023-07-13
350,5,67,52,37.86,received,2023-03-24,2023-03-29,2023-03-29,2023-03-24
351,6,239,128,29.7,received,2023-12-30,2024-01-02,2024-01-06,2023-12-30
352,15,166,301,154.94,received,2023-11-02,2023-11-09,2023-11-09,2023-11-02
353,13,294,319,291.98,received,2023-10-09,2023-11-08,2023-11-08,2023-10-09
354,4,490,262,26.7,received,2023-04-05,2023-04-13,2023-04-12,2023-04-05
355,9,275,159,74.0,received,2023-07-26,2023-08-08,2023-08-07,2023-07-26
356,11,170,435,113.26,received,2023-06-19,2023-06-21,2023-06-20,2023-06-19
357,10,272,108,163.5,received,2023-09-01,2023-09-10,2023-09-13,2023-09-01
358,11,178,70,305.87,received,2023-08-17,2023-08-19,2023-08-18,2023-08-17
359,11,454,247,56.98,received,2023-06-14,2023-06-16,2023-06-14,2023-06-14
360,5,277,313,78.43,received,2023-05-25,2023-05-30,2023-05-30,2023-05-25
361,13,261,383,179.6,received,2023-08-17,2023-09-16,2023-09-16,2023-08-17
362,4,165,135,53.23,received,2023-09-21,2023-09-29,2023-09-27,2023-09-21
363,13,276,157,36.68,received,2023-10-01,2023-10-31,2023-10-29,2023-10-01
364,11,323,477,23.01,received,2023-04-20,2023-04-22,2023-04-23,2023-04-20
365,2,106,381,32.27,received,2023-10-03,2023-10-08,2023-10-09,2023-10-03
366,14,482,62,19.13,received,2023-02-06,2023-02-16,2023-02-15,2023-02-06
367,8,368,77,61.01,received,2023-06-19,2023-07-15,2023-07-13,2023-06-19
368,3,407,182,71.31,received,2023-05-09,2023-06-02,2023-06-01,2023-05-09
369,7,199,211,175.27,received,2023-08-19,2023-08-26,2023-08-27,2023-08-19
370,1,200,378,8.78,received,2023-12-11,2023-12-13,2023-12-11,2023-12-11
371,12,317,408,345.75,received,2023-02-02,2023-02-06,2023-02-04,2023-02-02
372,14,38,198,148.28,received,2023-07-03,2023-07-13,2023-07-19,2023-07-03
373,13,352,441,65.03,received,2023-06-04,2023-07-04,2023-07-04,2023-06-04
374,15,225,292,51.25,received,2023-07-15,2023-07-22,2023-07-20,2023-07-15
375,3,274,457,46.29,received,2023-04-23,2023-05-17,2023-05-18,2023-04-23
376,13,435,202,8.76,received,2023-10-07,2023-11-06,2023-11-05,2023-10-07
377,11,455,333,244.27,received,2023-11-28,2023-11-30,2023-11-28,2023-11-28
378,14,285,343,9.92,received,2023-03-14,2023-03-24,2023-03-22,2023-03-14
379,10,202,206,158.38,received,2023-10-03,2023-10-12,2023-10-10,2023-10-03
380,4,384,132,25.9,received,2023-06-26,2023-07-04,2023-07-03,2023-06-26
381,3,114,108,157.24,received,2023-11-12,2023-12-06,2023-12-05,2023-11-12
382,3,344,286,109.58,received,2023-10-18,2023-11-11,2023-12-01,2023-10-18
383,11,282,178,19.16,received,2023-02-07,2023-02-09,2023-02-07,2023-02-07
384,2,102,232,63.07,received,2023-10-25,2023-10-30,2023-10-30,2023-10-25
385,3,344,367,109.58,received,2023-12-02,2023-12-26,2023-12-26,2023-12-02
386,2,461,218,37.24,received,2023-04-10,2023-04-15,2023-04-16,2023-04-10
387,10,338,339,19.02,received,2023-06-06,2023-06-15,2023-06-14,2023-06-06
388,10,187,52,188.57,received,2023-06-11,2023-06-20,2023-06-28,2023-06-11
389,6,127,191,28.4,received,2023-04-24,2023-04-27,2023-04-28,2023-04-24
390,14,185,499,122.62,received,2023-03-10,2023-03-20,2023-03-20,2023-03-10
391,8,237,299,27.35,received,2023-08-17,2023-09-12,2023-09-12,2023-08-17
392,9,56,480,41.85,received,2023-03-31,2023-04-13,2023-04-11,2023-03-31
393,5,440,184,79.57,received,2023-03-13,2023-03-18,2023-03-27,2023-03-13
394,12,454,59,56.98,received,2023-11-17,2023-11-21,2023-11-19,2023-11-17
395,14,260,443,7.14,received,2023-11-20,2023-11-30,2023-12-01,2023-11-20
396,10,109,384,79.78,received,2023-01-19,2023-01-28,2023-01-29,2023-01-19
397,13,77,118,21.79,received,2023-07-07,2023-08-06,2023-08-06,2023-07-07
398,8,257,307,35.01,received,2023-09-19,2023-10-15,2023-10-15,2023-09-19
399,1,340,437,11.02,received,2023-05-03,2023-05-05,2023-05-04,2023-05-03
400,9,72,426,30.05,received,2023-08-17,2023-08-30,2023-08-29,2023-08-17
401,12,248,168,18.05,received,2023-07-03,2023-07-07,2023-07-08,2023-07-03
402,2,136,315,144.73,received,2023-07-09,2023-07-14,2023-07-13,2023-07-09
403,15,406,73,49.96,received,2023-07-04,2023-07-11,2023-07-12,2023-07-04
404,1,333,477,43.74,received,2023-06-15,2023-06-17,2023-06-17,2023-06-15
405,12,135,242,69.63,received,2023-10-24,2023-10-28,2023-10-27,2023-10-24
406,11,194,314,369.8,received,2023-07-07,2023-07-09,2023-07-07,2023-07-07
407,5,193,468,79.2,received,2023-04-25,2023-04-30,2023-04-30,2023-04-25
408,14,177,306,81.72,received,2023-09-07,2023-09-17,2023-09-15,2023-09-07
409,15,72,313,30.05,received,2023-08-14,2023-08-21,2023-08-19,2023-08-14
410,11,144,235,87.14,received,2023-04-19,2023-04-21,2023-04-20,2023-04-19
411,10,368,465,61.01,received,2023-03-02,2023-03-11,2023-03-12,2023-03-02
412,6,369,295,16.47,received,2023-02-28,2023-03-03,2023-03-04,2023-02-28
413,4,303,61,143.01,received,2023-03-24,2023-04-01,2023-04-02,2023-03-24
414,4,23,118,168.23,received,2023-03-07,2023-03-15,2023-03-14,2023-03-07
415,11,263,78,30.66,received,2023-01-21,2023-01-23,2023-01-22,2023-01-21
416,3,133,356,21.98,received,2023-04-03,2023-04-27,2023-04-28,2023-04-03
417,10,327,93,151.87,received,2023-01-10,2023-01-19,2023-01-19,2023-01-10
418,4,230,137,65.35,received,2023-11-07,2023-11-15,2023-12-03,2023-11-07
419,4,426,369,8.37,received,2023-07-30,2023-08-07,2023-08-06,2023-07-30
420,11,262,282,281.19,received,2023-05-16,2023-05-18,2023-05-18,2023-05-16
421,10,303,117,143.01,received,2023-02-05,2023-02-14,2023-02-15,2023-02-05
422,2,9,473,33.23,received,2023-04-14,2023-04-19,2023-04-20,2023-04-14
423,3,311,499,281.11,received,2023-02-19,2023-03-15,2023-03-13,2023-02-19
424,13,273,296,39.07,received,2023-09-15,2023-10-15,2023-10-13,2023-09-15
425,11,67,446,37.86,received,2023-11-05,2023-11-07,2023-11-05,2023-11-05
426,11,333,497,43.74,received,2023-08-09,2023-08-11,2023-08-11,2023-08-09
427,1,358,454,99.84,received,2023-09-29,2023-10-01,2023-10-02,2023-09-29
428,13,196,267,64.78,received,2023-06-29,2023-07-29,2023-07-27,2023-06-29
429,3,131,195,52.45,received,2023-09-02,2023-09-26,2023-09-24,2023-09-02
430,10,449,52,95.28,received,2023-10-06,2023-10-15,2023-10-14,2023-10-06
431,12,381,316,126.5,received,2023-01-04,2023-01-08,2023-01-06,2023-01-04
432,1,193,259,79.2,received,2023-12-02,2023-12-04,2023-12-04,2023-12-02
433,6,55,183,115.8,received,2023-03-21,2023-03-24,2023-03-24,2023-03-21
434,14,275,398,74.0,received,2023-08-05,2023-08-15,2023-08-15,2023-08-05
435,7,387,141,37.62,received,2023-04-15,2023-04-22,2023-04-23,2023-04-15
436,6,287,345,59.92,received,2023-10-12,2023-10-15,2023-10-15,2023-10-12
437,6,397,487,19.11,received,2023-12-28,2023-12-31,2023-12-30,2023-12-28
438,14,338,450,19.02,received,2023-03-02,2023-03-12,2023-03-13,2023-03-02
439,12,487,452,428.57,received,2023-03-24,2023-03-28,2023-03-29,2023-03-24
440,6,411,132,111.03,received,2023-10-09,2023-10-12,2023-10-10,2023-10-09
441,7,494,471,407.92,received,2023-11-22,2023-11-29,2023-11-27,2023-11-22
442,3,242,184,44.02,received,2023-11-04,2023-11-28,2023-11-26,2023-11-04
443,4,190,255,14.52,received,2023-02-10,2023-02-18,2023-02-19,2023-02-10
444,10,336,446,304.36,received,2023-09-24,2023-10-03,2023-10-01,2023-09-24
445,14,90,153,96.97,received,2023-11-24,2023-12-04,2023-12-02,2023-11-24
446,14,337,451,76.6,received,2023-09-23,2023-10-03,2023-10-01,2023-09-23
447,10,262,395,281.19,received,2023-09-22,2023-10-01,2023-09-30,2023-09-22
448,1,185,94,122.62,received,2023-05-03,2023-05-05,2023-05-04,2023-05-03
449,5,400,257,179.45,received,2023-07-24,2023-07-29,2023-07-30,2023-07-24
450,10,103,96,189.25,received,2023-09-23,2023-10-02,2023-09-30,2023-09-23
451,9,146,227,134.67,received,2023-10-14,2023-10-27,2023-11-10,2023-10-14
452,14,142,282,37.44,received,2023-04-26,2023-05-06,2023-05-05,2023-04-26
453,15,207,258,160.37,received,2023-10-22,2023-10-29,2023-10-28,2023-10-22
454,9,55,224,115.8,received,2023-10-14,2023-10-27,2023-10-27,2023-10-14
455,2,412,466,183.53,received,2023-09-20,2023-09-25,2023-10-15,2023-09-20
456,13,295,338,320.95,received,2023-05-09,2023-06-08,2023-06-09,2023-05-09
457,8,395,398,109.86,received,2023-05-05,2023-05-31,2023-06-01,2023-05-05
458,8,460,109,398.29,received,2023-10-28,2023-11-23,2023-12-11,2023-10-28
459,5,35,396,113.42,received,2023-07-15,2023-07-20,2023-07-19,2023-07-15
460,12,118,314,111.47,received,2023-06-11,2023-06-15,2023-06-15,2023-06-11
461,9,5,197,143.22,received,2023-12-25,2024-01-07,2024-01-06,2023-12-25
462,2,205,88,439.42,received,2023-12-11,2023-12-16,2023-12-16,2023-12-11
463,9,477,161,126.78,received,2023-04-02,2023-04-15,2023-04-15,2023-04-02
464,15,294,305,291.98,received,2023-05-18,2023-05-25,2023-05-24,2023-05-18
465,12,103,155,189.25,received,2023-05-01,2023-05-05,2023-05-05,2023-05-01
466,4,104,129,27.59,received,2023-05-08,2023-05-16,2023-05-16,2023-05-08
467,13,55,364,115.8,received,2023-03-03,2023-04-02,2023-04-20,2023-03-03
468,1,392,240,82.47,received,2023-10-05,2023-10-07,2023-10-25,2023-10-05
469,10,162,301,403.13,received,2023-09-10,2023-09-19,2023-09-19,2023-09-10
470,3,392,434,82.47,received,2023-09-19,2023-10-13,2023-10-12,2023-09-19
471,10,66,294,33.55,received,2023-01-28,2023-02-06,2023-02-07,2023-01-28
472,9,17,284,58.24,received,2023-09-15,2023-09-28,2023-09-27,2023-09-15
473,2,358,56,99.84,received,2023-09-23,2023-09-28,2023-09-26,2023-09-23
474,11,108,235,109.81,received,2023-07-14,2023-07-16,2023-07-16,2023-07-14
475,10,442,171,109.11,received,2023-05-13,2023-05-22,2023-05-22,2023-05-13
476,5,242,305,44.02,received,2023-11-10,2023-11-15,2023-11-14,2023-11-10
477,7,108,236,109.81,received,2023-08-03,2023-08-10,2023-08-10,2023-08-03
478,14,206,344,229.74,received,2023-05-24,2023-06-03,2023-06-02,2023-05-24
479,11,118,334,111.47,received,2023-02-21,2023-02-23,2023-02-22,2023-02-21
480,7,439,292,98.91,received,2023-07-15,2023-07-22,2023-07-21,2023-07-15
481,13,5,484,143.22,received,2023-04-01,2023-05-01,2023-04-30,2023-04-01
482,11,265,203,31.15,received,2023-10-01,2023-10-03,2023-10-04,2023-10-01
483,5,288,403,77.81,received,2023-10-18,2023-10-23,2023-10-21,2023-10-18
484,3,31,479,24.18,received,2023-04-21,2023-05-15,2023-05-16,2023-04-21
485,11,50,234,105.11,received,2023-08-19,2023-08-21,2023-08-21,2023-08-19
486,6,287,226,59.92,received,2023-10-13,2023-10-16,2023-10-16,2023-10-13
487,1,211,345,379.27,received,2023-03-04,2023-03-06,2023-03-05,2023-03-04
488,10,333,231,43.74,received,2023-11-29,2023-12-08,2023-12-08,2023-11-29
489,6,345,90,106.14,received,2023-09-19,2023-09-22,2023-09-23,2023-09-19
490,7,315,494,289.71,received,2023-05-27,2023-06-03,2023-06-02,2023-05-27
491,3,328,484,131.63,received,2023-06-22,2023-07-16,2023-07-17,2023-06-22
492,15,37,210,103.56,received,2023-02-10,2023-02-17,2023-02-16,2023-02-10
493,6,335,188,63.98,received,2023-05-30,2023-06-02,2023-06-03,2023-05-30
494,15,228,261,124.94,received,2023-07-05,2023-07-12,2023-07-13,2023-07-05
495,3,95,388,196.01,received,2023-01-12,2023-02-05,2023-02-04,2023-01-12
496,5,482,135,19.13,received,2023-12-25,2023-12-30,2023-12-29,2023-12-25
497,7,53,330,86.88,received,2023-02-18,2023-02-25,2023-02-26,2023-02-18
498,1,14,103,9.76,received,2023-07-23,2023-07-25,2023-07-23,2023-07-23
499,5,317,208,345.75,received,2023-03-21,2023-03-26,2023-03-27,2023-03-21
500,4,127,117,28.4,received,2023-05-26,2023-06-03,2023-06-02,2023-05-26
501,9,430,490,296.57,received,2023-03-29,2023-04-11,2023-04-11,2023-03-29
502,15,167,330,100.67,received,2023-09-01,2023-09-08,2023-09-08,2023-09-01
503,8,70,373,133.6,received,2023-12-24,2024-01-19,2024-01-20,2023-12-24
504,12,326,227,41.79,received,2023-10-16,2023-10-20,2023-10-20,2023-10-16
505,8,277,207,78.43,received,2023-04-27,2023-05-23,2023-05-24,2023-04-27
506,6,212,50,38.82,received,2023-05-14,2023-05-17,2023-05-15,2023-05-14
507,9,418,323,180.46,received,2023-03-11,2023-03-24,2023-03-25,2023-03-11
508,1,353,203,176.37,received,2023-09-09,2023-09-11,2023-09-29,2023-09-09
509,1,393,457,103.58,received,2023-08-09,2023-08-11,2023-08-10,2023-08-09
510,1,281,252,128.29,received,2023-07-11,2023-07-13,2023-07-14,2023-07-11
511,4,84,162,30.39,received,2023-11-27,2023-12-05,2023-12-06,2023-11-27
512,5,41,195,37.95,received,2023-08-05,2023-08-10,2023-08-10,2023-08-05
513,11,381,146,126.5,received,2023-09-30,2023-10-02,2023-10-03,2023-09-30
514,14,36,376,47.49,received,2023-04-04,2023-04-14,2023-04-12,2023-04-04
515,8,317,146,345.75,received,2023-08-20,2023-09-15,2023-09-16,2023-08-20
516,6,10,145,139.18,received,2023-03-19,2023-03-22,2023-03-20,2023-03-19
517,2,145,422,5.26,received,2023-05-18,2023-05-23,2023-05-24,2023-05-18
518,1,120,161,428.92,received,2023-02-16,2023-02-18,2023-02-19,2023-02-16
519,6,216,240,25.09,received,2023-06-09,2023-06-12,2023-06-13,2023-06-09
520,8,357,78,79.2,received,2023-01-17,2023-02-12,2023-02-11,2023-01-17
521,5,398,142,82.89,received,2023-07-20,2023-07-25,2023-07-26,2023-07-20
522,4,459,112,308.12,received,2023-05-09,2023-05-17,2023-05-15,2023-05-09
523,13,366,176,11.06,received,2023-05-08,2023-06-07,2023-06-08,2023-05-08
524,12,18,316,348.6,received,2023-04-12,2023-04-16,2023-04-14,2023-04-12
525,11,107,215,80.65,received,2023-08-31,2023-09-02,2023-09-02,2023-08-31
526,3,323,179,23.01,received,2023-01-22,2023-02-15,2023-02-13,2023-01-22
527,8,327,492,151.87,received,2023-06-02,2023-06-28,2023-06-26,2023-06-02
528,11,112,216,59.54,received,2023-02-27,2023-03-01,2023-03-02,2023-02-27
529,1,86,454,265.52,received,2023-05-22,2023-05-24,2023-05-25,2023-05-22
530,4,5,402,143.22,received,2023-01-22,2023-01-30,2023-01-31,2023-01-22
531,10,80,130,29.76,received,2023-07-10,2023-07-19,2023-07-18,2023-07-10
532,8,47,80,419.22,received,2023-12-18,2024-01-13,2024-01-11,2023-12-18
533,6,331,114,47.28,received,2023-03-20,2023-03-23,2023-03-21,2023-03-20
534,8,120,462,428.92,received,2023-06-12,2023-07-08,2023-07-22,2023-06-12
535,15,225,233,51.25,received,2023-04-09,2023-04-16,2023-04-17,2023-04-09
536,12,69,411,104.11,received,2023-05-09,2023-05-13,2023-05-14,2023-05-09
537,8,287,147,59.92,received,2023-05-31,2023-06-26,2023-06-27,2023-05-31
538,10,96,190,10.94,received,2023-10-06,2023-10-15,2023-10-16,2023-10-06
539,14,426,85,8.37,received,2023-11-03,2023-11-13,2023-11-12,2023-11-03
540,9,80,327,29.76,received,2023-08-19,2023-09-01,2023-09-01,2023-08-19
541,6,233,425,91.67,received,2023-01-01,2023-01-04,2023-01-05,2023-01-01
542,3,453,447,42.8,received,2023-01-10,2023-02-03,2023-02-03,2023-01-10
543,10,123,147,190.07,received,2023-06-14,2023-06-23,2023-06-24,2023-06-14
544,9,350,363,17.73,received,2023-09-12,2023-09-25,2023-09-24,2023-09-12
545,5,166,99,154.94,received,2023-07-29,2023-08-03,2023-08-01,2023-07-29
546,9,338,141,19.02,received,2023-02-04,2023-02-17,2023-02-16,2023-02-04
547,14,17,100,58.24,received,2023-04-14,2023-04-24,2023-04-23,2023-04-14
548,1,293,319,65.69,received,2023-11-25,2023-11-27,2023-11-28,2023-11-25
549,10,360,163,106.78,received,2023-10-30,2023-11-08,2023-11-08,2023-10-30
550,10,368,385,61.01,received,2023-02-06,2023-02-15,2023-02-14,2023-02-06
551,8,476,234,40.79,received,2023-02-10,2023-03-08,2023-03-06,2023-02-10
552,9,381,471,126.5,received,2023-08-01,2023-08-14,2023-08-12,2023-08-01
553,10,137,477,43.66,received,2023-09-28,2023-10-07,2023-10-05,2023-09-28
554,5,40,101,123.48,received,2023-04-21,2023-04-26,2023-05-02,2023-04-21
555,12,119,319,62.94,received,2023-09-30,2023-10-04,2023-10-03,2023-09-30
556,11,128,335,141.45,received,2023-10-19,2023-10-21,2023-10-20,2023-10-19
557,12,286,395,67.86,received,2023-08-01,2023-08-05,2023-08-05,2023-08-01
558,8,360,135,106.78,received,2023-12-07,2024-01-02,2023-12-31,2023-12-07
559,13,93,386,53.04,received,2023-10-09,2023-11-08,2023-11-08,2023-10-09
560,3,274,211,46.29,received,2023-11-04,2023-11-28,2023-11-28,2023-11-04
561,9,167,472,100.67,received,2023-07-10,2023-07-23,2023-07-24,2023-07-10
562,12,166,242,154.94,received,2023-11-08,2023-11-12,2023-11-11,2023-11-08
563,13,282,279,19.16,received,2023-05-11,2023-06-10,2023-06-11,2023-05-11
564,7,1,315,241.97,received,2023-01-18,2023-01-25,2023-01-28,2023-01-18
565,3,456,159,405.86,received,2023-06-04,2023-06-28,2023-06-27,2023-06-04
566,14,162,333,403.13,received,2023-01-12,2023-01-22,2023-01-22,2023-01-12
567,9,285,98,9.92,received,2023-10-20,2023-11-02,2023-11-09,2023-10-20
568,1,236,237,9.08,received,2023-07-02,2023-07-04,2023-07-04,2023-07-02
569,15,299,97,198.64,received,2023-05-08,2023-05-15,2023-05-15,2023-05-08
570,10,205,420,439.42,received,2023-10-19,2023-10-28,2023-11-02,2023-10-19
571,6,406,354,49.96,received,2023-09-05,2023-09-08,2023-09-06,2023-09-05
572,11,154,90,132.1,received,2023-01-20,2023-01-22,2023-01-23,2023-01-20
573,13,29,263,35.58,received,2023-06-21,2023-07-21,2023-07-22,2023-06-21
574,15,445,432,129.1,received,2023-03-03,2023-03-10,2023-03-09,2023-03-03
575,11,435,77,8.76,received,2023-11-05,2023-11-07,2023-11-08,2023-11-05
576,5,269,217,29.11,received,2023-01-22,2023-01-27,2023-01-26,2023-01-22
577,9,358,278,99.84,received,2023-04-24,2023-05-07,2023-05-08,2023-04-24
578,13,305,271,133.07,received,2023-10-22,2023-11-21,2023-11-20,2023-10-22
579,5,403,92,31.8,received,2023-07-21,2023-07-26,2023-07-26,2023-07-21
580,8,293,93,65.69,received,2023-01-26,2023-02-21,2023-02-21,2023-01-26
581,7,257,440,35.01,received,2023-08-11,2023-08-18,2023-08-17,2023-08-11
582,3,247,383,65.7,received,2023-10-14,2023-11-07,2023-11-08,2023-10-14
583,10,101,174,83.07,received,2023-10-15,2023-10-24,2023-10-23,2023-10-15
584,2,137,107,43.66,received,2023-08-09,2023-08-14,2023-08-12,2023-08-09
585,11,212,214,38.82,received,2023-08-05,2023-08-07,2023-08-06,2023-08-05
586,6,305,136,133.07,received,2023-12-02,2023-12-05,2023-12-05,2023-12-02
587,6,316,72,174.8,received,2023-08-15,2023-08-18,2023-08-19,2023-08-15
588,15,419,129,28.91,received,2023-04-30,2023-05-07,2023-05-07,2023-04-30
589,13,373,174,26.18,received,2023-02-13,2023-03-15,2023-03-13,2023-02-13
590,10,475,57,27.85,received,2023-03-17,2023-03-26,2023-03-26,2023-03-17
591,6,356,61,23.63,received,2023-02-26,2023-03-01,2023-03-02,2023-02-26
592,6,108,330,109.81,received,2023-10-03,2023-10-06,2023-10-06,2023-10-03
593,8,319,242,67.79,received,2023-03-14,2023-04-09,2023-04-07,2023-03-14
594,10,464,137,49.64,received,2023-12-06,2023-12-15,2023-12-15,2023-12-06
595,1,146,77,134.67,received,2023-04-13,2023-04-15,2023-04-15,2023-04-13
596,8,336,389,304.36,received,2023-01-05,2023-01-31,2023-01-31,2023-01-05
597,14,468,59,82.71,received,2023-12-04,2023-12-14,2023-12-12,2023-12-04
598,5,445,310,129.1,received,2023-11-29,2023-12-04,2023-12-05,2023-11-29
599,12,51,145,348.34,received,2023-06-11,2023-06-15,2023-06-13,2023-06-11
600,4,257,70,35.01,received,2023-08-23,2023-08-31,2023-08-29,2023-08-23
601,4,473,251,138.78,received,2023-09-29,2023-10-07,2023-10-08,2023-09-29
602,12,81,231,12.59,received,2023-01-10,2023-01-14,2023-01-14,2023-01-10
603,11,155,191,398.3,received,2023-05-01,2023-05-03,2023-05-22,2023-05-01
604,13,32,467,49.86,received,2023-11-17,2023-12-17,2023-12-18,2023-11-17
605,1,484,127,14.33,received,2023-10-12,2023-10-14,2023-10-24,2023-10-12
606,6,460,423,398.29,received,2023-07-21,2023-07-24,2023-07-22,2023-07-21
607,7,267,263,132.74,received,2023-12-14,2023-12-21,2023-12-20,2023-12-14
608,4,294,359,291.98,received,2023-03-20,2023-03-28,2023-03-28,2023-03-20
609,6,230,347,65.35,received,2023-10-05,2023-10-08,2023-10-07,2023-10-05
610,9,351,402,65.15,received,2023-04-14,2023-04-27,2023-05-09,2023-04-14
611,12,461,444,37.24,received,2023-09-26,2023-09-30,2023-10-01,2023-09-26
612,3,336,84,304.36,received,2023-10-17,2023-11-10,2023-11-23,2023-10-17
613,9,273,422,39.07,received,2023-03-02,2023-03-15,2023-03-14,2023-03-02
614,1,392,260,82.47,received,2023-06-13,2023-06-15,2023-06-16,2023-06-13
615,5,227,127,10.46,received,2023-11-23,2023-11-28,2023-12-09,2023-11-23
616,13,97,440,25.84,received,2023-02-24,2023-03-26,2023-03-24,2023-02-24
617,10,316,355,174.8,received,2023-05-17,2023-05-26,2023-05-25,2023-05-17
618,4,119,402,62.94,received,2023-12-18,2023-12-26,2023-12-24,2023-12-18
619,13,245,414,80.59,received,2023-03-10,2023-04-09,2023-04-10,2023-03-10
620,11,192,292,51.08,received,2023-04-05,2023-04-07,2023-04-08,2023-04-05
621,3,84,441,30.39,received,2023-04-09,2023-05-03,2023-05-04,2023-04-09
622,1,474,430,166.88,received,2023-05-19,2023-05-21,2023-05-31,2023-05-19
623,11,104,493,27.59,received,2023-04-15,2023-04-17,2023-04-18,2023-04-15
624,10,251,176,13.5,received,2023-12-19,2023-12-28,2023-12-29,2023-12-19
625,7,208,418,86.82,received,2023-01-22,2023-01-29,2023-01-30,2023-01-22
626,6,202,354,158.38,received,2023-11-10,2023-11-13,2023-12-04,2023-11-10
627,9,269,316,29.11,received,2023-11-25,2023-12-08,2023-12-12,2023-11-25
628,2,232,499,106.38,received,2023-08-22,2023-08-27,2023-08-25,2023-08-22
629,4,266,335,213.34,received,2023-10-03,2023-10-11,2023-10-09,2023-10-03
630,7,265,199,31.15,received,2023-11-19,2023-11-26,2023-12-05,2023-11-19
631,8,204,286,18.28,received,2023-06-05,2023-07-01,2023-07-01,2023-06-05
632,3,217,403,30.61,received,2023-05-31,2023-06-24,2023-06-22,2023-05-31
633,9,463,96,190.83,received,2023-03-14,2023-03-27,2023-03-28,2023-03-14
634,12,257,251,35.01,received,2023-02-27,2023-03-03,2023-03-02,2023-02-27
635,7,166,352,154.94,received,2023-08-19,2023-08-26,2023-08-27,2023-08-19
636,15,365,178,8.08,received,2023-04-14,2023-04-21,2023-04-19,2023-04-14
637,6,355,417,57.82,received,2023-11-29,2023-12-02,2023-12-01,2023-11-29
638,12,64,374,119.34,received,2023-02-16,2023-02-20,2023-02-21,2023-02-16
639,6,44,243,59.8,received,2023-09-26,2023-09-29,2023-09-28,2023-09-26
640,9,195,339,66.54,received,2023-01-23,2023-02-05,2023-02-05,2023-01-23
641,14,338,141,19.02,received,2023-03-18,2023-03-28,2023-03-27,2023-03-18
642,13,365,423,8.08,received,2023-01-27,2023-02-26,2023-02-26,2023-01-27
643,13,493,110,58.03,received,2023-08-17,2023-09-16,2023-09-15,2023-08-17
644,15,68,56,49.96,received,2023-04-14,2023-04-21,2023-04-21,2023-04-14
645,8,255,361,100.57,received,2023-09-13,2023-10-09,2023-10-07,2023-09-13
646,15,253,282,25.01,received,2023-05-02,2023-05-09,2023-05-10,2023-05-02
647,7,227,175,10.46,received,2023-02-10,2023-02-17,2023-02-15,2023-02-10
648,15,281,75,128.29,received,2023-05-23,2023-05-30,2023-05-29,2023-05-23
649,3,76,124,22.08,received,2023-01-29,2023-02-22,2023-02-20,2023-01-29
650,14,17,219,58.24,received,2023-12-08,2023-12-18,2023-12-18,2023-12-08
651,15,45,132,6.05,received,2023-01-26,2023-02-02,2023-02-01,2023-01-26
652,11,146,283,134.67,received,2023-11-09,2023-11-11,2023-11-10,2023-11-09
653,12,297,443,10.72,received,2023-07-04,2023-07-08,2023-07-06,2023-07-04
654,5,166,438,154.94,received,2023-07-08,2023-07-13,2023-07-18,2023-07-08
655,7,432,118,75.24,received,2023-10-09,2023-10-16,2023-10-17,2023-10-09
656,2,356,318,23.63,received,2023-05-21,2023-05-26,2023-05-27,2023-05-21
657,4,357,342,79.2,received,2023-04-18,2023-04-26,2023-04-24,2023-04-18
658,12,323,420,23.01,received,2023-09-28,2023-10-02,2023-10-20,2023-09-28
659,12,310,182,15.35,received,2023-12-28,2024-01-01,2024-01-01,2023-12-28
660,9,295,364,320.95,received,2023-11-16,2023-11-29,2023-11-28,2023-11-16
661,10,255,302,100.57,received,2023-09-24,2023-10-03,2023-10-04,2023-09-24
662,13,93,149,53.04,received,2023-11-09,2023-12-09,2023-12-09,2023-11-09
663,1,61,427,41.46,received,2023-01-13,2023-01-15,2023-01-13,2023-01-13
664,14,107,73,80.65,received,2023-11-12,2023-11-22,2023-12-08,2023-11-12
665,6,180,55,289.6,received,2023-10-14,2023-10-17,2023-10-16,2023-10-14
666,11,104,207,27.59,received,2023-12-20,2023-12-22,2023-12-20,2023-12-20
667,5,260,108,7.14,received,2023-10-09,2023-10-14,2023-10-12,2023-10-09
668,11,171,476,193.88,received,2023-06-24,2023-06-26,2023-06-24,2023-06-24
669,3,100,292,112.77,received,2023-06-19,2023-07-13,2023-07-14,2023-06-19
670,13,19,371,26.26,received,2023-11-27,2023-12-27,2023-12-26,2023-11-27
671,8,457,451,47.74,received,2023-10-02,2023-10-28,2023-11-14,2023-10-02
672,14,212,339,38.82,received,2023-01-29,2023-02-08,2023-02-08,2023-01-29
673,12,348,156,72.7,received,2023-06-11,2023-06-15,2023-06-13,2023-06-11
674,10,351,83,65.15,received,2023-06-19,2023-06-28,2023-06-28,2023-06-19
675,3,144,370,87.14,received,2023-01-16,2023-02-09,2023-02-10,2023-01-16
676,9,432,145,75.24,received,2023-03-26,2023-04-08,2023-04-09,2023-03-26
677,10,60,413,50.81,received,2023-06-07,2023-06-16,2023-06-16,2023-06-07
678,1,140,240,37.52,received,2023-07-31,2023-08-02,2023-08-01,2023-07-31
679,8,425,139,74.43,received,2023-06-04,2023-06-30,2023-06-30,2023-06-04
680,2,192,277,51.08,received,2023-01-20,2023-01-25,2023-01-23,2023-01-20
681,9,13,147,56.44,received,2023-09-05,2023-09-18,2023-09-25,2023-09-05
682,6,473,447,138.78,received,2023-09-05,2023-09-08,2023-09-08,2023-09-05
683,6,74,155,19.71,received,2023-02-20,2023-02-23,2023-02-22,2023-02-20
684,12,19,52,26.26,received,2023-08-24,2023-08-28,2023-08-26,2023-08-24
685,5,478,220,211.66,received,2023-01-23,2023-01-28,2023-01-26,2023-01-23
686,8,456,61,405.86,received,2023-01-24,2023-02-19,2023-02-19,2023-01-24
687,10,389,214,13.04,received,2023-06-09,2023-06-18,2023-06-17,2023-06-09
688,4,99,445,252.13,received,2023-05-27,2023-06-04,2023-06-04,2023-05-27
689,8,344,190,109.58,received,2023-03-02,2023-03-28,2023-03-27,2023-03-02
690,2,8,155,152.85,received,2023-11-15,2023-11-20,2023-11-18,2023-11-15
691,9,180,410,289.6,received,2023-10-09,2023-10-22,2023-10-21,2023-10-09
692,13,146,209,134.67,received,2023-10-21,2023-11-20,2023-11-18,2023-10-21
693,10,457,116,47.74,received,2023-06-23,2023-07-02,2023-06-30,2023-06-23
694,1,242,77,44.02,received,2023-12-12,2023-12-14,2023-12-15,2023-12-12
695,2,219,365,19.65,received,2023-07-20,2023-07-25,2023-07-26,2023-07-20
696,6,160,436,18.0,received,2023-06-20,2023-06-23,2023-06-21,2023-06-20
697,13,239,99,29.7,received,2023-10-18,2023-11-17,2023-11-18,2023-10-18
698,8,159,290,32.49,received,2023-12-17,2024-01-12,2024-01-13,2023-12-17
699,4,486,236,53.07,received,2023-04-25,2023-05-03,2023-05-03,2023-04-25
700,7,94,453,25.27,received,2023-12-25,2024-01-01,2024-01-14,2023-12-25
701,14,452,83,60.08,received,2023-06-16,2023-06-26,2023-06-24,2023-06-16
702,8,58,194,166.69,received,2023-06-29,2023-07-25,2023-07-24,2023-06-29
703,13,179,257,19.57,received,2023-11-06,2023-12-06,2023-12-04,2023-11-06
704,14,366,455,11.06,received,2023-02-24,2023-03-06,2023-03-04,2023-02-24
705,5,273,172,39.07,received,2023-08-25,2023-08-30,2023-08-31,2023-08-25
706,10,125,246,60.03,received,2023-10-08,2023-10-17,2023-10-18,2023-10-08
707,2,175,451,353.66,received,2023-04-17,2023-04-22,2023-04-23,2023-04-17
708,7,291,138,51.74,received,2023-06-25,2023-07-02,2023-07-01,2023-06-25
709,11,343,108,77.16,received,2023-02-09,2023-02-11,2023-02-12,2023-02-09
710,10,306,470,29.36,received,2023-08-26,2023-09-04,2023-09-02,2023-08-26
711,8,91,356,52.01,received,2023-06-07,2023-07-03,2023-07-08,2023-06-07
712,2,351,217,65.15,received,2023-11-02,2023-11-07,2023-11-08,2023-11-02
713,8,331,468,47.28,received,2023-12-05,2023-12-31,2023-12-30,2023-12-05
714,3,455,437,244.27,received,2023-10-25,2023-11-18,2023-11-21,2023-10-25
715,3,339,249,53.19,received,2023-03-18,2023-04-11,2023-04-11,2023-03-18
716,10,296,203,17.5,received,2023-08-17,2023-08-26,2023-08-26,2023-08-17
717,10,407,417,71.31,received,2023-12-14,2023-12-23,2023-12-24,2023-12-14
718,15,177,483,81.72,received,2023-02-15,2023-02-22,2023-02-23,2023-02-15
719,3,437,50,69.28,received,2023-05-31,2023-06-24,2023-06-22,2023-05-31
720,12,287,493,59.92,received,2023-07-03,2023-07-07,2023-07-07,2023-07-03
721,1,121,370,30.38,received,2023-08-10,2023-08-12,2023-08-13,2023-08-10
722,6,365,329,8.08,received,2023-07-15,2023-07-18,2023-07-19,2023-07-15
723,4,340,334,11.02,received,2023-03-30,2023-04-07,2023-04-06,2023-03-30
724,7,432,197,75.24,received,2023-07-04,2023-07-11,2023-07-10,2023-07-04
725,14,344,381,109.58,received,2023-03-06,2023-03-16,2023-03-14,2023-03-06
726,1,74,93,19.71,received,2023-09-07,2023-09-09,2023-09-08,2023-09-07
727,3,329,369,125.29,received,2023-08-01,2023-08-25,2023-09-10,2023-08-01
728,3,233,246,91.67,received,2023-09-18,2023-10-12,2023-10-13,2023-09-18
729,6,116,345,26.14,received,2023-04-06,2023-04-09,2023-04-07,2023-04-06
730,8,434,260,119.19,received,2023-05-02,2023-05-28,2023-05-28,2023-05-02
731,15,280,340,9.09,received,2023-10-23,2023-10-30,2023-10-28,2023-10-23
732,8,361,403,241.22,received,2023-07-08,2023-08-03,2023-08-04,2023-07-08
733,2,73,288,29.52,received,2023-09-27,2023-10-02,2023-10-13,2023-09-27
734,9,41,175,37.95,received,2023-09-25,2023-10-08,2023-10-13,2023-09-25
735,8,323,400,23.01,received,2023-12-06,2024-01-01,2024-01-06,2023-12-06
736,11,277,225,78.43,received,2023-10-24,2023-10-26,2023-10-24,2023-10-24
737,9,399,343,27.5,received,2023-01-06,2023-01-19,2023-01-20,2023-01-06
738,12,170,198,113.26,received,2023-08-04,2023-08-08,2023-08-08,2023-08-04
739,3,19,422,26.26,received,2023-12-22,2024-01-15,2024-01-27,2023-12-22
740,13,289,346,56.38,received,2023-05-14,2023-06-13,2023-06-14,2023-05-14
741,3,294,464,291.98,received,2023-01-27,2023-02-20,2023-02-20,2023-01-27
742,12,320,114,130.95,received,2023-01-14,2023-01-18,2023-01-16,2023-01-14
743,9,40,190,123.48,received,2023-05-23,2023-06-05,2023-06-05,2023-05-23
744,14,132,352,113.48,received,2023-01-08,2023-01-18,2023-01-17,2023-01-08
745,12,78,183,51.35,received,2023-12-04,2023-12-08,2023-12-07,2023-12-04
746,13,359,225,34.85,received,2023-05-01,2023-05-31,2023-05-29,2023-05-01
747,2,496,478,138.81,received,2023-03-16,2023-03-21,2023-03-20,2023-03-16
748,8,386,388,66.08,received,2023-07-31,2023-08-26,2023-08-25,2023-07-31
749,8,372,77,65.94,received,2023-11-23,2023-12-19,2023-12-19,2023-11-23
750,11,136,254,144.73,received,2023-03-01,2023-03-03,2023-03-04,2023-03-01
751,8,155,244,398.3,received,2023-09-01,2023-09-27,2023-09-26,2023-09-01
752,11,362,321,126.63,received,2023-07-19,2023-07-21,2023-07-20,2023-07-19
753,14,223,245,171.92,received,2023-01-07,2023-01-17,2023-01-18,2023-01-07
754,11,162,99,403.13,received,2023-09-29,2023-10-01,2023-09-29,2023-09-29
755,15,273,362,39.07,received,2023-11-23,2023-11-30,2023-12-01,2023-11-23
756,15,334,460,327.31,received,2023-05-20,2023-05-27,2023-05-27,2023-05-20
757,2,131,445,52.45,received,2023-12-02,2023-12-07,2023-12-08,2023-12-02
758,11,384,316,25.9,received,2023-05-04,2023-05-06,2023-05-05,2023-05-04
759,6,347,330,16.83,received,2023-12-20,2023-12-23,2024-01-05,2023-12-20
760,1,345,260,106.14,received,2023-01-05,2023-01-07,2023-01-05,2023-01-05
761,2,269,162,29.11,received,2023-02-23,2023-02-28,2023-02-28,2023-02-23
762,12,146,367,134.67,received,2023-05-09,2023-05-13,2023-05-11,2023-05-09
763,2,30,356,198.63,received,2023-11-01,2023-11-06,2023-11-05,2023-11-01
764,11,63,488,142.56,received,2023-12-29,2023-12-31,2023-12-29,2023-12-29
765,10,67,106,37.86,received,2023-07-12,2023-07-21,2023-07-20,2023-07-12
766,12,95,377,196.01,received,2023-05-10,2023-05-14,2023-05-12,2023-05-10
767,8,473,181,138.78,received,2023-05-22,2023-06-17,2023-06-17,2023-05-22
768,3,400,245,179.45,received,2023-02-07,2023-03-03,2023-03-01,2023-02-07
769,7,171,141,193.88,received,2023-01-31,2023-02-07,2023-02-07,2023-01-31
770,8,36,362,47.49,received,2023-09-09,2023-10-05,2023-10-14,2023-09-09
771,7,92,326,278.97,received,2023-11-27,2023-12-04,2023-12-03,2023-11-27
772,13,221,276,18.81,received,2023-04-22,2023-05-22,2023-05-20,2023-04-22
773,12,133,342,21.98,received,2023-02-22,2023-02-26,2023-02-24,2023-02-22
774,12,129,126,126.57,received,2023-08-17,2023-08-21,2023-08-22,2023-08-17
775,11,328,186,131.63,received,2023-01-01,2023-01-03,2023-01-04,2023-01-01
776,3,359,51,34.85,received,2023-06-18,2023-07-12,2023-08-02,2023-06-18
777,9,363,482,115.24,received,2023-09-09,2023-09-22,2023-09-23,2023-09-09
778,12,400,246,179.45,received,2023-02-05,2023-02-09,2023-02-07,2023-02-05
779,12,419,220,28.91,received,2023-09-04,2023-09-08,2023-09-08,2023-09-04
780,11,156,237,11.24,received,2023-07-25,2023-07-27,2023-07-25,2023-07-25
781,9,437,439,69.28,received,2023-06-24,2023-07-07,2023-07-08,2023-06-24
782,13,149,246,161.3,received,2023-11-28,2023-12-28,2023-12-26,2023-11-28
783,11,98,372,35.9,received,2023-06-03,2023-06-05,2023-06-03,2023-06-03
784,12,184,426,92.74,received,2023-09-07,2023-09-11,2023-09-12,2023-09-07
785,4,72,300,30.05,received,2023-01-19,2023-01-27,2023-01-26,2023-01-19
786,7,33,323,22.14,received,2023-10-04,2023-10-11,2023-10-12,2023-10-04
787,14,416,68,68.28,received,2023-08-19,2023-08-29,2023-09-01,2023-08-19
788,6,29,257,35.58,received,2023-06-22,2023-06-25,2023-06-23,2023-06-22
789,2,109,397,79.78,received,2023-12-01,2023-12-06,2023-12-07,2023-12-01
790,14,448,86,37.19,received,2023-10-02,2023-10-12,2023-10-11,2023-10-02
791,1,377,291,31.02,received,2023-03-14,2023-03-16,2023-03-14,2023-03-14
792,15,471,57,79.48,received,2023-11-13,2023-11-20,2023-11-19,2023-11-13
793,3,324,283,11.45,received,2023-01-26,2023-02-19,2023-02-25,2023-01-26
794,10,88,108,16.53,received,2023-10-30,2023-11-08,2023-11-06,2023-10-30
795,8,305,268,133.07,received,2023-11-12,2023-12-08,2023-12-07,2023-11-12
796,6,416,400,68.28,received,2023-12-14,2023-12-17,2023-12-15,2023-12-14
797,10,280,441,9.09,received,2023-03-12,2023-03-21,2023-03-20,2023-03-12
798,1,304,190,96.61,received,2023-03-30,2023-04-01,2023-03-30,2023-03-30
799,3,388,333,81.11,received,2023-08-01,2023-08-25,2023-08-25,2023-08-01
800,3,225,118,51.25,received,2023-05-05,2023-05-29,2023-06-02,2023-05-05
801,2,406,58,49.96,received,2023-11-20,2023-11-25,2023-11-24,2023-11-20
802,15,250,95,102.4,received,2023-02-11,2023-02-18,2023-02-17,2023-02-11
803,12,334,405,327.31,received,2023-10-31,2023-11-04,2023-11-05,2023-10-31
804,13,406,123,49.96,received,2023-09-01,2023-10-01,2023-09-30,2023-09-01
805,11,139,139,31.2,received,2023-09-25,2023-09-27,2023-09-26,2023-09-25
806,10,355,363,57.82,received,2023-01-20,2023-01-29,2023-01-30,2023-01-20
807,2,322,335,71.78,received,2023-06-04,2023-06-09,2023-06-07,2023-06-04
808,4,99,366,252.13,received,2023-03-02,2023-03-10,2023-03-16,2023-03-02
809,6,442,444,109.11,received,2023-10-04,2023-10-07,2023-10-08,2023-10-04
810,11,338,107,19.02,received,2023-04-17,2023-04-19,2023-04-18,2023-04-17
811,13,77,304,21.79,received,2023-12-17,2024-01-16,2024-02-03,2023-12-17
812,3,82,380,53.93,received,2023-12-10,2024-01-03,2024-01-07,2023-12-10
813,6,146,365,134.67,received,2023-04-18,2023-04-21,2023-04-21,2023-04-18
814,13,456,325,405.86,received,2023-08-21,2023-09-20,2023-09-18,2023-08-21
815,3,81,86,12.59,received,2023-01-15,2023-02-08,2023-02-06,2023-01-15
816,15,121,264,30.38,received,2023-08-16,2023-08-23,2023-08-23,2023-08-16
817,4,383,448,70.54,received,2023-12-13,2023-12-21,2023-12-31,2023-12-13
818,2,167,495,100.67,received,2023-04-27,2023-05-02,2023-05-03,2023-04-27
819,4,193,77,79.2,received,2023-04-23,2023-05-01,2023-05-02,2023-04-23
820,15,224,141,80.38,received,2023-03-16,2023-03-23,2023-03-24,2023-03-16
821,7,192,373,51.08,received,2023-03-11,2023-03-18,2023-03-17,2023-03-11
822,6,500,66,77.27,received,2023-05-19,2023-05-22,2023-05-21,2023-05-19
823,12,292,486,106.8,received,2023-01-31,2023-02-04,2023-02-02,2023-01-31
824,8,235,162,25.16,received,2023-08-03,2023-08-29,2023-08-29,2023-08-03
825,15,152,345,278.92,received,2023-11-06,2023-11-13,2023-11-12,2023-11-06
826,9,438,491,163.91,received,2023-04-28,2023-05-11,2023-05-12,2023-04-28
827,4,303,57,143.01,received,2023-08-31,2023-09-08,2023-09-08,2023-08-31
828,12,220,346,175.26,received,2023-05-07,2023-05-11,2023-05-12,2023-05-07
829,4,457,52,47.74,received,2023-10-30,2023-11-07,2023-11-28,2023-10-30
830,7,23,67,168.23,received,2023-01-21,2023-01-28,2023-02-16,2023-01-21
831,7,272,281,163.5,received,2023-07-21,2023-07-28,2023-07-26,2023-07-21
832,8,124,404,187.37,received,2023-02-12,2023-03-10,2023-03-08,2023-02-12
833,12,209,172,55.6,received,2023-04-22,2023-04-26,2023-04-26,2023-04-22
834,11,47,132,419.22,received,2023-01-09,2023-01-11,2023-01-11,2023-01-09
835,12,236,282,9.08,received,2023-10-20,2023-10-24,2023-10-22,2023-10-20
836,8,396,144,47.26,received,2023-03-12,2023-04-07,2023-04-22,2023-03-12
837,13,447,490,12.47,received,2023-07-09,2023-08-08,2023-08-06,2023-07-09
838,11,37,321,103.56,received,2023-07-17,2023-07-19,2023-07-19,2023-07-17
839,1,152,453,278.92,received,2023-08-07,2023-08-09,2023-08-08,2023-08-07
840,11,42,313,55.37,received,2023-11-14,2023-11-16,2023-11-14,2023-11-14
841,15,346,246,17.49,received,2023-07-06,2023-07-13,2023-07-11,2023-07-06
842,6,239,139,29.7,received,2023-11-13,2023-11-16,2023-11-16,2023-11-13
843,11,287,120,59.92,received,2023-12-27,2023-12-29,2023-12-28,2023-12-27
844,6,123,427,190.07,received,2023-10-04,2023-10-07,2023-10-08,2023-10-04
845,13,298,214,66.8,received,2023-12-26,2024-01-25,2024-01-24,2023-12-26
846,6,460,191,398.29,received,2023-05-17,2023-05-20,2023-05-21,2023-05-17
847,1,33,306,22.14,received,2023-07-10,2023-07-12,2023-07-13,2023-07-10
848,9,425,281,74.43,received,2023-03-04,2023-03-17,2023-03-17,2023-03-04
849,10,189,146,19.49,received,2023-12-11,2023-12-20,2023-12-25,2023-12-11
850,15,453,141,42.8,received,2023-08-23,2023-08-30,2023-08-31,2023-08-23
851,5,491,107,66.02,received,2023-02-09,2023-02-14,2023-02-14,2023-02-09
852,12,76,316,22.08,received,2023-09-12,2023-09-16,2023-09-15,2023-09-12
853,11,12,292,19.93,received,2023-05-31,2023-06-02,2023-06-01,2023-05-31
854,6,216,199,25.09,received,2023-08-16,2023-08-19,2023-08-17,2023-08-16
855,4,33,477,22.14,received,2023-01-12,2023-01-20,2023-01-19,2023-01-12
856,9,331,385,47.28,received,2023-06-21,2023-07-04,2023-07-04,2023-06-21
857,11,403,284,31.8,received,2023-06-17,2023-06-19,2023-06-20,2023-06-17
858,5,291,137,51.74,received,2023-03-09,2023-03-14,2023-03-26,2023-03-09
859,13,134,444,78.62,received,2023-04-27,2023-05-27,2023-05-27,2023-04-27
860,14,25,135,68.47,received,2023-03-17,2023-03-27,2023-03-28,2023-03-17
861,10,474,143,166.88,received,2023-03-24,2023-04-02,2023-04-02,2023-03-24
862,3,430,132,296.57,received,2023-12-29,2024-01-22,2024-01-21,2023-12-29
863,4,60,114,50.81,received,2023-01-22,2023-01-30,2023-02-20,2023-01-22
864,8,134,390,78.62,received,2023-07-09,2023-08-04,2023-08-02,2023-07-09
865,6,177,323,81.72,received,2023-03-17,2023-03-20,2023-03-19,2023-03-17
866,5,63,443,142.56,received,2023-01-13,2023-01-18,2023-01-19,2023-01-13
867,3,486,52,53.07,received,2023-08-23,2023-09-16,2023-09-23,2023-08-23
868,12,280,292,9.09,received,2023-09-17,2023-09-21,2023-09-21,2023-09-17
869,15,149,223,161.3,received,2023-10-21,2023-10-28,2023-10-29,2023-10-21
870,12,58,397,166.69,received,2023-09-03,2023-09-07,2023-09-06,2023-09-03
871,9,60,278,50.81,received,2023-06-07,2023-06-20,2023-06-19,2023-06-07
872,6,48,348,10.97,received,2023-06-17,2023-06-20,2023-06-19,2023-06-17
873,9,114,325,157.24,received,2023-05-23,2023-06-05,2023-06-03,2023-05-23
874,14,229,312,48.78,received,2023-12-13,2023-12-23,2023-12-21,2023-12-13
875,7,100,391,112.77,received,2023-09-09,2023-09-16,2023-09-14,2023-09-09
876,6,204,239,18.28,received,2023-03-17,2023-03-20,2023-03-21,2023-03-17
877,7,191,207,29.69,received,2023-01-07,2023-01-14,2023-01-14,2023-01-07
878,8,448,429,37.19,received,2023-10-15,2023-11-10,2023-11-11,2023-10-15
879,7,412,423,183.53,received,2023-08-15,2023-08-22,2023-08-23,2023-08-15
880,15,213,123,37.8,received,2023-03-13,2023-03-20,2023-03-18,2023-03-13
881,4,156,221,11.24,received,2023-09-01,2023-09-09,2023-09-28,2023-09-01
882,2,478,53,211.66,received,2023-10-30,2023-11-04,2023-11-02,2023-10-30
883,7,328,413,131.63,received,2023-05-20,2023-05-27,2023-05-28,2023-05-20
884,10,387,198,37.62,received,2023-03-12,2023-03-21,2023-03-22,2023-03-12
885,9,252,477,13.0,received,2023-01-22,2023-02-04,2023-02-04,2023-01-22
886,10,156,164,11.24,received,2023-09-10,2023-09-19,2023-09-20,2023-09-10
887,1,406,377,49.96,received,2023-01-02,2023-01-04,2023-01-04,2023-01-02
888,14,326,263,41.79,received,2023-08-30,2023-09-09,2023-09-09,2023-08-30
889,3,252,111,13.0,received,2023-12-19,2024-01-12,2024-01-10,2023-12-19
890,13,142,356,37.44,received,2023-09-10,2023-10-10,2023-10-15,2023-09-10
891,12,186,494,135.3,received,2023-10-25,2023-10-29,2023-10-30,2023-10-25
892,5,322,241,71.78,received,2023-12-18,2023-12-23,2023-12-21,2023-12-18
893,9,376,133,131.84,received,2023-10-22,2023-11-04,2023-11-04,2023-10-22
894,10,30,232,198.63,received,2023-03-16,2023-03-25,2023-03-24,2023-03-16
895,3,28,74,121.28,received,2023-05-20,2023-06-13,2023-06-13,2023-05-20
896,5,150,313,61.99,received,2023-09-29,2023-10-04,2023-10-02,2023-09-29
897,4,393,356,103.58,received,2023-11-18,2023-11-26,2023-11-24,2023-11-18
898,13,86,473,265.52,received,2023-10-06,2023-11-05,2023-11-05,2023-10-06
899,14,351,99,65.15,received,2023-06-04,2023-06-14,2023-06-14,2023-06-04
900,9,297,120,10.72,received,2023-06-30,2023-07-13,2023-07-11,2023-06-30
901,9,145,224,5.26,received,2023-07-10,2023-07-23,2023-07-24,2023-07-10
902,15,467,307,46.24,received,2023-03-25,2023-04-01,2023-03-31,2023-03-25
903,4,426,263,8.37,received,2023-04-07,2023-04-15,2023-04-13,2023-04-07
904,8,470,58,10.02,received,2023-02-09,2023-03-07,2023-03-06,2023-02-09
905,8,179,468,19.57,received,2023-06-09,2023-07-05,2023-07-04,2023-06-09
906,8,456,138,405.86,received,2023-11-02,2023-11-28,2023-11-28,2023-11-02
907,12,156,163,11.24,received,2023-01-15,2023-01-19,2023-01-17,2023-01-15
908,3,439,207,98.91,received,2023-12-22,2024-01-15,2024-01-14,2023-12-22
909,3,108,403,109.81,received,2023-03-08,2023-04-01,2023-04-17,2023-03-08
910,13,402,437,273.72,received,2023-02-27,2023-03-29,2023-03-30,2023-02-27
911,7,22,290,127.37,received,2023-04-11,2023-04-18,2023-04-16,2023-04-11
912,2,466,391,434.28,received,2023-05-10,2023-05-15,2023-05-15,2023-05-10
913,1,387,350,37.62,received,2023-02-19,2023-02-21,2023-02-20,2023-02-19
914,15,103,96,189.25,received,2023-04-05,2023-04-12,2023-04-10,2023-04-05
915,3,434,230,119.19,received,2023-05-23,2023-06-16,2023-06-30,2023-05-23
916,3,438,308,163.91,received,2023-09-14,2023-10-08,2023-10-07,2023-09-14
917,10,35,320,113.42,received,2023-02-20,2023-03-01,2023-02-27,2023-02-20
918,4,367,436,20.04,received,2023-04-09,2023-04-17,2023-04-25,2023-04-09
919,9,3,485,86.67,received,2023-02-20,2023-03-05,2023-03-24,2023-02-20
920,12,244,275,16.02,received,2023-07-07,2023-07-11,2023-07-10,2023-07-07
921,11,491,244,66.02,received,2023-02-24,2023-02-26,2023-02-26,2023-02-24
922,7,110,439,194.2,received,2023-09-21,2023-09-28,2023-09-26,2023-09-21
923,6,64,303,119.34,received,2023-08-27,2023-08-30,2023-08-29,2023-08-27
924,13,185,92,122.62,received,2023-12-27,2024-01-26,2024-01-24,2023-12-27
925,6,253,357,25.01,received,2023-03-01,2023-03-04,2023-03-05,2023-03-01
926,12,160,165,18.0,received,2023-12-18,2023-12-22,2024-01-08,2023-12-18
927,9,209,146,55.6,received,2023-05-29,2023-06-11,2023-06-27,2023-05-29
928,14,36,141,47.49,received,2023-09-01,2023-09-11,2023-09-25,2023-09-01
929,1,346,274,17.49,received,2023-09-09,2023-09-11,2023-09-12,2023-09-09
930,9,338,252,19.02,received,2023-12-13,2023-12-26,2023-12-25,2023-12-13
931,7,356,83,23.63,received,2023-10-30,2023-11-06,2023-11-14,2023-10-30
932,6,500,112,77.27,received,2023-04-12,2023-04-15,2023-04-16,2023-04-12
933,4,430,441,296.57,received,2023-08-06,2023-08-14,2023-08-14,2023-08-06
934,12,393,232,103.58,received,2023-10-25,2023-10-29,2023-10-30,2023-10-25
935,8,342,311,21.48,received,2023-11-05,2023-12-01,2023-12-19,2023-11-05
936,5,76,300,22.08,received,2023-08-21,2023-08-26,2023-08-26,2023-08-21
937,8,119,100,62.94,received,2023-11-18,2023-12-14,2023-12-17,2023-11-18
938,12,28,141,121.28,received,2023-02-04,2023-02-08,2023-02-06,2023-02-04
939,7,310,368,15.35,received,2023-12-14,2023-12-21,2023-12-21,2023-12-14
940,10,50,455,105.11,received,2023-02-09,2023-02-18,2023-02-19,2023-02-09
941,8,104,308,27.59,received,2023-05-31,2023-06-26,2023-06-27,2023-05-31
942,5,278,441,56.25,received,2023-06-25,2023-06-30,2023-06-28,2023-06-25
943,1,221,486,18.81,received,2023-03-02,2023-03-04,2023-03-04,2023-03-02
944,7,227,335,10.46,received,2023-08-24,2023-08-31,2023-08-30,2023-08-24
945,11,441,301,45.45,received,2023-06-05,2023-06-07,2023-06-06,2023-06-05
946,7,69,441,104.11,received,2023-06-09,2023-06-16,2023-06-17,2023-06-09
947,2,292,293,106.8,received,2023-12-12,2023-12-17,2023-12-18,2023-12-12
948,9,438,184,163.91,received,2023-03-22,2023-04-04,2023-04-05,2023-03-22
949,8,303,442,143.01,received,2023-07-13,2023-08-08,2023-08-08,2023-07-13
950,5,165,115,53.23,received,2023-02-01,2023-02-06,2023-02-04,2023-02-01
951,14,188,441,34.61,received,2023-06-28,2023-07-08,2023-07-06,2023-06-28
952,15,321,226,19.43,received,2023-06-24,2023-07-01,2023-07-02,2023-06-24
953,6,211,176,379.27,received,2023-06-29,2023-07-02,2023-07-01,2023-06-29
954,4,332,494,91.51,received,2023-06-09,2023-06-17,2023-06-15,2023-06-09
955,5,59,69,145.12,received,2023-06-22,2023-06-27,2023-06-27,2023-06-22
956,8,337,186,76.6,received,2023-08-05,2023-08-31,2023-09-01,2023-08-05
957,1,357,243,79.2,received,2023-08-29,2023-08-31,2023-08-31,2023-08-29
958,10,200,101,8.78,received,2023-06-15,2023-06-24,2023-06-25,2023-06-15
959,12,346,135,17.49,received,2023-04-16,2023-04-20,2023-04-20,2023-04-16
960,10,154,304,132.1,received,2023-07-06,2023-07-15,2023-07-24,2023-07-06
961,11,434,197,119.19,received,2023-02-08,2023-02-10,2023-02-09,2023-02-08
962,5,25,461,68.47,received,2023-06-02,2023-06-07,2023-06-22,2023-06-02
963,4,320,353,130.95,received,2023-02-17,2023-02-25,2023-02-23,2023-02-17
964,6,140,268,37.52,received,2023-02-04,2023-02-07,2023-02-08,2023-02-04
965,4,178,308,305.87,received,2023-02-09,2023-02-17,2023-02-17,2023-02-09
966,13,154,152,132.1,received,2023-08-10,2023-09-09,2023-09-09,2023-08-10
967,7,206,393,229.74,received,2023-05-09,2023-05-16,2023-05-17,2023-05-09
968,13,281,491,128.29,received,2023-04-03,2023-05-03,2023-05-22,2023-04-03
969,3,296,187,17.5,received,2023-09-13,2023-10-07,2023-10-08,2023-09-13
970,15,327,339,151.87,received,2023-09-30,2023-10-07,2023-10-08,2023-09-30
971,12,321,286,19.43,received,2023-01-31,2023-02-04,2023-02-04,2023-01-31
972,3,124,482,187.37,received,2023-03-19,2023-04-12,2023-04-12,2023-03-19
973,7,211,374,379.27,received,2023-06-13,2023-06-20,2023-06-18,2023-06-13
974,4,434,380,119.19,received,2023-07-31,2023-08-08,2023-08-08,2023-07-31
975,3,132,172,113.48,received,2023-12-18,2024-01-11,2024-01-12,2023-12-18
976,2,77,287,21.79,received,2023-04-09,2023-04-14,2023-04-14,2023-04-09
977,8,287,153,59.92,received,2023-08-12,2023-09-07,2023-09-05,2023-08-12
978,3,140,387,37.52,received,2023-03-11,2023-04-04,2023-04-04,2023-03-11
979,9,91,450,52.01,received,2023-11-26,2023-12-09,2023-12-27,2023-11-26
980,1,29,493,35.58,received,2023-02-12,2023-02-14,2023-02-14,2023-02-12
981,2,462,253,258.01,received,2023-07-28,2023-08-02,2023-07-31,2023-07-28
982,14,371,317,17.69,received,2023-03-13,2023-03-23,2023-03-21,2023-03-13
983,11,425,304,74.43,received,2023-10-25,2023-10-27,2023-10-27,2023-10-25
984,15,47,218,419.22,received,2023-05-02,2023-05-09,2023-05-09,2023-05-02
985,14,300,266,35.8,received,2023-07-19,2023-07-29,2023-07-28,2023-07-19
986,4,74,275,19.71,received,2023-02-24,2023-03-04,2023-03-04,2023-02-24
987,7,131,408,52.45,received,2023-10-29,2023-11-05,2023-11-05,2023-10-29
988,2,163,192,106.24,received,2023-10-07,2023-10-12,2023-10-11,2023-10-07
989,15,402,470,273.72,received,2023-03-16,2023-03-23,2023-03-23,2023-03-16
990,5,11,480,55.44,received,2023-11-27,2023-12-02,2023-12-06,2023-11-27
991,12,340,179,11.02,received,2023-01-28,2023-02-01,2023-01-31,2023-01-28
992,9,197,465,79.1,received,2023-06-08,2023-06-21,2023-06-21,2023-06-08
993,11,63,248,142.56,received,2023-10-01,2023-10-03,2023-10-04,2023-10-01
994,1,466,204,434.28,received,2023-07-21,2023-07-23,2023-08-03,2023-07-21
995,2,480,274,46.86,received,2023-05-01,2023-05-06,2023-05-05,2023-05-01
996,11,163,190,106.24,received,2023-11-26,2023-11-28,2023-11-26,2023-11-26
997,14,42,480,55.37,received,2023-09-09,2023-09-19,2023-09-20,2023-09-09
998,6,368,472,61.01,received,2023-08-05,2023-08-08,2023-08-06,2023-08-05
999,3,358,265,99.84,received,2023-05-14,2023-06-07,2023-06-07,2023-05-14
1000,10,374,405,103.3,received,2023-10-08,2023-10-17,2023-10-18,2023-10-08
1001,1,391,372,36.84,received,2023-01-27,2023-01-29,2023-01-28,2023-01-27
1002,8,406,152,49.96,received,2023-11-25,2023-12-21,2023-12-22,2023-11-25
1003,11,157,130,18.16,received,2023-06-10,2023-06-12,2023-06-10,2023-06-10
1004,4,265,455,31.15,received,2023-11-29,2023-12-07,2023-12-08,2023-11-29
1005,6,232,183,106.38,received,2023-09-02,2023-09-05,2023-09-04,2023-09-02
1006,3,352,151,65.03,received,2023-10-31,2023-11-24,2023-11-24,2023-10-31
1007,2,213,477,37.8,received,2023-07-08,2023-07-13,2023-07-14,2023-07-08
1008,15,293,335,65.69,received,2023-04-25,2023-05-02,2023-04-30,2023-04-25
1009,11,314,286,30.65,received,2023-11-17,2023-11-19,2023-11-17,2023-11-17
1010,4,135,255,69.63,received,2023-12-26,2024-01-03,2024-01-01,2023-12-26
1011,10,220,238,175.26,received,2023-11-04,2023-11-13,2023-11-11,2023-11-04
1012,3,485,445,49.98,received,2023-10-18,2023-11-11,2023-11-12,2023-10-18
1013,15,476,110,40.79,received,2023-08-21,2023-08-28,2023-08-29,2023-08-21
1014,4,366,197,11.06,received,2023-04-15,2023-04-23,2023-04-23,2023-04-15
1015,12,254,357,51.37,received,2023-07-15,2023-07-19,2023-07-18,2023-07-15
1016,4,422,264,37.61,received,2023-05-25,2023-06-02,2023-06-01,2023-05-25
1017,3,210,170,107.29,received,2023-03-16,2023-04-09,2023-04-09,2023-03-16
1018,10,231,93,97.56,received,2023-05-08,2023-05-17,2023-05-18,2023-05-08
1019,1,241,401,45.45,received,2023-03-10,2023-03-12,2023-03-13,2023-03-10
1020,4,366,87,11.06,received,2023-07-16,2023-07-24,2023-07-24,2023-07-16
1021,2,286,291,67.86,received,2023-01-31,2023-02-05,2023-02-04,2023-01-31
1022,15,182,52,153.05,received,2023-11-07,2023-11-14,2023-11-18,2023-11-07
1023,5,259,393,108.88,received,2023-11-14,2023-11-19,2023-11-20,2023-11-14
1024,6,68,183,49.96,received,2023-10-14,2023-10-17,2023-10-16,2023-10-14
1025,3,258,117,26.11,received,2023-09-10,2023-10-04,2023-10-21,2023-09-10
1026,2,163,183,106.24,received,2023-12-30,2024-01-04,2024-01-03,2023-12-30
1027,2,161,496,63.97,received,2023-01-23,2023-01-28,2023-02-15,2023-01-23
1028,14,144,498,87.14,received,2023-07-04,2023-07-14,2023-07-26,2023-07-04
1029,5,314,134,30.65,received,2023-05-16,2023-05-21,2023-05-22,2023-05-16
1030,6,378,334,137.83,received,2023-09-09,2023-09-12,2023-09-11,2023-09-09
1031,14,473,77,138.78,received,2023-12-03,2023-12-13,2023-12-14,2023-12-03
1032,4,77,290,21.79,received,2023-01-28,2023-02-05,2023-02-03,2023-01-28
1033,5,84,303,30.39,received,2023-12-28,2024-01-02,2023-12-31,2023-12-28
1034,1,227,298,10.46,received,2023-07-02,2023-07-04,2023-07-24,2023-07-02
1035,8,253,113,25.01,received,2023-02-27,2023-03-25,2023-04-01,2023-02-27
1036,6,48,477,10.97,received,2023-04-15,2023-04-18,2023-04-17,2023-04-15
1037,3,384,348,25.9,received,2023-09-18,2023-10-12,2023-10-11,2023-09-18
1038,1,270,176,56.43,received,2023-10-20,2023-10-22,2023-10-20,2023-10-20
1039,13,256,63,153.96,received,2023-12-13,2024-01-12,2024-01-12,2023-12-13
1040,5,349,352,92.4,received,2023-12-15,2023-12-20,2023-12-20,2023-12-15
1041,15,488,64,159.84,received,2023-02-24,2023-03-03,2023-03-02,2023-02-24
1042,2,236,371,9.08,received,2023-12-29,2024-01-03,2024-01-04,2023-12-29
1043,5,305,385,133.07,received,2023-12-03,2023-12-08,2023-12-06,2023-12-03
1044,10,487,158,428.57,received,2023-08-20,2023-08-29,2023-08-28,2023-08-20
1045,14,25,430,68.47,received,2023-11-26,2023-12-06,2023-12-04,2023-11-26
1046,2,281,180,128.29,received,2023-11-05,2023-11-10,2023-11-11,2023-11-05
1047,3,123,133,190.07,received,2023-07-24,2023-08-17,2023-08-16,2023-07-24
1048,7,400,111,179.45,received,2023-07-26,2023-08-02,2023-08-01,2023-07-26
1049,5,252,400,13.0,received,2023-08-10,2023-08-15,2023-08-15,2023-08-10
1050,10,68,312,49.96,received,2023-07-03,2023-07-12,2023-07-12,2023-07-03
1051,4,251,187,13.5,received,2023-08-17,2023-08-25,2023-09-12,2023-08-17
1052,10,308,465,25.9,received,2023-08-05,2023-08-14,2023-08-15,2023-08-05
1053,6,315,97,289.71,received,2023-04-06,2023-04-09,2023-04-10,2023-04-06
1054,1,263,381,30.66,received,2023-06-24,2023-06-26,2023-07-06,2023-06-24
1055,11,366,198,11.06,received,2023-03-21,2023-03-23,2023-03-21,2023-03-21
1056,8,224,203,80.38,received,2023-02-10,2023-03-08,2023-03-26,2023-02-10
1057,3,66,317,33.55,received,2023-12-17,2024-01-10,2024-01-20,2023-12-17
1058,7,152,73,278.92,received,2023-10-19,2023-10-26,2023-10-24,2023-10-19
1059,9,56,287,41.85,received,2023-09-19,2023-10-02,2023-09-30,2023-09-19
1060,11,369,180,16.47,received,2023-10-19,2023-10-21,2023-10-21,2023-10-19
1061,10,42,141,55.37,received,2023-09-15,2023-09-24,2023-09-25,2023-09-15
1062,13,94,498,25.27,received,2023-07-21,2023-08-20,2023-08-21,2023-07-21
1063,12,153,437,43.83,received,2023-06-10,2023-06-14,2023-06-15,2023-06-10
1064,11,231,496,97.56,received,2023-11-16,2023-11-18,2023-11-18,2023-11-16
1065,13,96,496,10.94,received,2023-04-19,2023-05-19,2023-05-19,2023-04-19
1066,11,55,252,115.8,received,2023-08-11,2023-08-13,2023-08-11,2023-08-11
1067,2,7,404,52.32,received,2023-03-29,2023-04-03,2023-04-04,2023-03-29
1068,7,445,205,129.1,received,2023-12-03,2023-12-10,2023-12-28,2023-12-03
1069,10,417,461,43.66,received,2023-11-12,2023-11-21,2023-11-22,2023-11-12
1070,5,45,107,6.05,received,2023-03-06,2023-03-11,2023-03-10,2023-03-06
1071,14,9,157,33.23,received,2023-12-23,2024-01-02,2024-01-05,2023-12-23
1072,8,333,481,43.74,received,2023-03-16,2023-04-11,2023-04-12,2023-03-16
1073,11,440,444,79.57,received,2023-10-03,2023-10-05,2023-10-05,2023-10-03
1074,8,76,135,22.08,received,2023-08-31,2023-09-26,2023-09-24,2023-08-31
1075,15,79,291,370.96,received,2023-12-26,2024-01-02,2024-01-03,2023-12-26
1076,1,441,200,45.45,received,2023-08-19,2023-08-21,2023-08-20,2023-08-19
1077,10,425,102,74.43,received,2023-07-20,2023-07-29,2023-07-27,2023-07-20
1078,11,434,427,119.19,received,2023-08-10,2023-08-12,2023-08-30,2023-08-10
1079,10,306,299,29.36,received,2023-10-11,2023-10-20,2023-10-24,2023-10-11
1080,7,249,168,122.92,received,2023-09-20,2023-09-27,2023-09-28,2023-09-20
1081,12,32,333,49.86,received,2023-09-28,2023-10-02,2023-10-02,2023-09-28
1082,2,138,109,19.77,received,2023-11-28,2023-12-03,2023-12-04,2023-11-28
1083,8,319,60,67.79,received,2023-11-27,2023-12-23,2023-12-24,2023-11-27
1084,3,148,168,43.7,received,2023-04-09,2023-05-03,2023-05-04,2023-04-09
1085,9,113,358,165.04,received,2023-10-28,2023-11-10,2023-11-23,2023-10-28
1086,14,432,420,75.24,received,2023-12-03,2023-12-13,2023-12-13,2023-12-03
1087,12,200,457,8.78,received,2023-08-02,2023-08-06,2023-08-06,2023-08-02
1088,8,410,403,45.34,received,2023-03-24,2023-04-19,2023-04-19,2023-03-24
1089,12,45,152,6.05,received,2023-12-08,2023-12-12,2023-12-11,2023-12-08
1090,3,311,302,281.11,received,2023-09-09,2023-10-03,2023-10-04,2023-09-09
1091,5,121,233,30.38,received,2023-04-18,2023-04-23,2023-04-21,2023-04-18
1092,15,134,473,78.62,received,2023-07-02,2023-07-09,2023-07-08,2023-07-02
1093,14,458,222,19.85,received,2023-09-15,2023-09-25,2023-09-23,2023-09-15
1094,7,59,299,145.12,received,2023-11-13,2023-11-20,2023-11-19,2023-11-13
1095,5,175,127,353.66,received,2023-07-01,2023-07-06,2023-07-06,2023-07-01
1096,14,354,411,9.86,received,2023-09-21,2023-10-01,2023-09-29,2023-09-21
1097,1,475,104,27.85,received,2023-08-13,2023-08-15,2023-08-13,2023-08-13
1098,13,313,471,420.78,received,2023-11-09,2023-12-09,2023-12-07,2023-11-09
1099,9,22,495,127.37,received,2023-09-17,2023-09-30,2023-09-28,2023-09-17
1100,4,467,412,46.24,received,2023-07-05,2023-07-13,2023-07-13,2023-07-05
1101,8,391,128,36.84,received,2023-09-17,2023-10-13,2023-10-11,2023-09-17
1102,11,187,484,188.57,received,2023-06-21,2023-06-23,2023-06-21,2023-06-21
1103,4,225,175,51.25,received,2023-08-01,2023-08-09,2023-08-07,2023-08-01
1104,14,415,93,97.16,received,2023-08-31,2023-09-10,2023-09-09,2023-08-31
1105,5,191,127,29.69,received,2023-08-01,2023-08-06,2023-08-05,2023-08-01
1106,13,386,120,66.08,received,2023-09-29,2023-10-29,2023-10-28,2023-09-29
1107,13,220,486,175.26,received,2023-07-31,2023-08-30,2023-09-16,2023-07-31
1108,9,407,276,71.31,received,2023-12-16,2023-12-29,2023-12-27,2023-12-16
1109,3,395,93,109.86,received,2023-01-06,2023-01-30,2023-01-28,2023-01-06
1110,6,162,272,403.13,received,2023-07-25,2023-07-28,2023-08-05,2023-07-25
1111,1,202,344,158.38,received,2023-01-19,2023-01-21,2023-01-20,2023-01-19
1112,1,324,264,11.45,received,2023-12-05,2023-12-07,2023-12-07,2023-12-05
1113,7,454,419,56.98,received,2023-12-15,2023-12-22,2023-12-22,2023-12-15
1114,12,161,320,63.97,received,2023-06-26,2023-06-30,2023-06-30,2023-06-26
1115,10,472,379,68.11,received,2023-03-17,2023-03-26,2023-03-27,2023-03-17
1116,4,455,407,244.27,received,2023-10-06,2023-10-14,2023-10-15,2023-10-06
1117,6,455,204,244.27,received,2023-11-29,2023-12-02,2023-12-01,2023-11-29
1118,2,19,316,26.26,received,2023-10-03,2023-10-08,2023-10-07,2023-10-03
1119,9,146,316,134.67,received,2023-04-20,2023-05-03,2023-05-03,2023-04-20
1120,6,388,457,81.11,received,2023-11-22,2023-11-25,2023-11-23,2023-11-22
1121,9,304,421,96.61,received,2023-05-13,2023-05-26,2023-05-26,2023-05-13
1122,7,259,182,108.88,received,2023-02-26,2023-03-05,2023-03-05,2023-02-26
1123,11,260,279,7.14,received,2023-07-01,2023-07-03,2023-07-01,2023-07-01
1124,5,294,462,291.98,received,2023-01-03,2023-01-08,2023-01-07,2023-01-03
1125,12,298,229,66.8,received,2023-10-17,2023-10-21,2023-10-20,2023-10-17
1126,5,146,415,134.67,received,2023-12-08,2023-12-13,2023-12-12,2023-12-08
1127,7,267,471,132.74,received,2023-05-07,2023-05-14,2023-05-13,2023-05-07
1128,13,185,474,122.62,received,2023-08-21,2023-09-20,2023-09-21,2023-08-21
1129,7,42,293,55.37,received,2023-02-17,2023-02-24,2023-02-23,2023-02-17
1130,4,229,351,48.78,received,2023-02-09,2023-02-17,2023-02-18,2023-02-09
1131,9,266,305,213.34,received,2023-07-22,2023-08-04,2023-08-25,2023-07-22
1132,11,217,424,30.61,received,2023-08-14,2023-08-16,2023-08-17,2023-08-14
1133,7,422,298,37.61,received,2023-03-25,2023-04-01,2023-03-31,2023-03-25
1134,12,235,491,25.16,received,2023-03-08,2023-03-12,2023-03-31,2023-03-08
1135,9,61,66,41.46,received,2023-12-22,2024-01-04,2024-01-05,2023-12-22
1136,12,81,358,12.59,received,2023-10-14,2023-10-18,2023-10-16,2023-10-14
1137,14,210,70,107.29,received,2023-02-26,2023-03-08,2023-03-08,2023-02-26
1138,9,79,205,370.96,received,2023-03-02,2023-03-15,2023-03-15,2023-03-02
1139,5,249,451,122.92,received,2023-01-15,2023-01-20,2023-01-19,2023-01-15
1140,10,216,195,25.09,received,2023-01-25,2023-02-03,2023-02-15,2023-01-25
1141,4,94,84,25.27,received,2023-09-08,2023-09-16,2023-09-16,2023-09-08
1142,14,23,339,168.23,received,2023-08-02,2023-08-12,2023-08-12,2023-08-02
1143,8,461,477,37.24,received,2023-06-22,2023-07-18,2023-07-19,2023-06-22
1144,12,427,308,37.3,received,2023-11-07,2023-11-11,2023-11-10,2023-11-07
1145,11,236,493,9.08,received,2023-08-19,2023-08-21,2023-08-20,2023-08-19
1146,12,167,248,100.67,received,2023-02-15,2023-02-19,2023-02-20,2023-02-15
1147,4,461,393,37.24,received,2023-07-22,2023-07-30,2023-07-28,2023-07-22
1148,15,227,412,10.46,received,2023-05-23,2023-05-30,2023-05-29,2023-05-23
1149,1,293,337,65.69,received,2023-11-19,2023-11-21,2023-11-21,2023-11-19
1150,11,64,366,119.34,received,2023-11-26,2023-11-28,2023-11-27,2023-11-26
1151,9,296,146,17.5,received,2023-01-28,2023-02-10,2023-03-01,2023-01-28
1152,13,244,387,16.02,received,2023-09-15,2023-10-15,2023-10-21,2023-09-15
1153,15,273,452,39.07,received,2023-04-03,2023-04-10,2023-04-21,2023-04-03
1154,4,126,93,40.89,received,2023-12-28,2024-01-05,2024-01-06,2023-12-28
1155,13,274,301,46.29,received,2023-11-07,2023-12-07,2023-12-05,2023-11-07
1156,14,479,262,128.45,received,2023-01-12,2023-01-22,2023-01-21,2023-01-12
1157,1,441,96,45.45,received,2023-09-28,2023-09-30,2023-09-30,2023-09-28
1158,2,51,143,348.34,received,2023-10-05,2023-10-10,2023-10-09,2023-10-05
1159,5,394,397,106.27,received,2023-02-15,2023-02-20,2023-02-21,2023-02-15
1160,3,31,63,24.18,received,2023-11-11,2023-12-05,2023-12-13,2023-11-11
1161,12,30,122,198.63,received,2023-06-02,2023-06-06,2023-06-06,2023-06-02
1162,7,458,76,19.85,received,2023-06-15,2023-06-22,2023-06-20,2023-06-15
1163,4,123,310,190.07,received,2023-11-02,2023-11-10,2023-11-11,2023-11-02
1164,13,259,81,108.88,received,2023-07-17,2023-08-16,2023-08-27,2023-07-17
1165,6,238,64,36.46,received,2023-10-11,2023-10-14,2023-10-15,2023-10-11
1166,7,325,187,117.32,received,2023-04-30,2023-05-07,2023-05-10,2023-04-30
1167,9,494,440,407.92,received,2023-10-28,2023-11-10,2023-11-09,2023-10-28
1168,9,334,278,327.31,received,2023-03-06,2023-03-19,2023-03-20,2023-03-06
1169,2,434,241,119.19,received,2023-11-22,2023-11-27,2023-11-26,2023-11-22
1170,9,87,334,66.4,received,2023-05-06,2023-05-19,2023-05-20,2023-05-06
1171,8,22,384,127.37,received,2023-01-01,2023-01-27,2023-01-27,2023-01-01
1172,3,1,189,241.97,received,2023-01-31,2023-02-24,2023-03-14,2023-01-31
1173,10,129,481,126.57,received,2023-12-15,2023-12-24,2023-12-24,2023-12-15
1174,11,109,73,79.78,received,2023-10-27,2023-10-29,2023-10-29,2023-10-27
1175,3,379,95,147.21,received,2023-10-01,2023-10-25,2023-10-25,2023-10-01
1176,7,358,499,99.84,received,2023-03-04,2023-03-11,2023-03-11,2023-03-04
1177,7,108,399,109.81,received,2023-11-09,2023-11-16,2023-11-16,2023-11-09
1178,6,326,189,41.79,received,2023-05-14,2023-05-17,2023-06-03,2023-05-14
1179,4,340,356,11.02,received,2023-06-14,2023-06-22,2023-06-23,2023-06-14
1180,6,9,361,33.23,received,2023-12-21,2023-12-24,2023-12-22,2023-12-21
1181,8,3,334,86.67,received,2023-01-05,2023-01-31,2023-02-01,2023-01-05
1182,15,357,325,79.2,received,2023-12-27,2024-01-03,2024-01-04,2023-12-27
1183,2,404,476,44.47,received,2023-11-29,2023-12-04,2023-12-02,2023-11-29
1184,14,344,466,109.58,received,2023-08-16,2023-08-26,2023-08-26,2023-08-16
1185,7,424,479,14.56,received,2023-11-04,2023-11-11,2023-11-10,2023-11-04
1186,13,416,286,68.28,received,2023-12-23,2024-01-22,2024-01-28,2023-12-23
1187,6,480,430,46.86,received,2023-04-09,2023-04-12,2023-04-11,2023-04-09
1188,1,389,148,13.04,received,2023-05-24,2023-05-26,2023-05-26,2023-05-24
1189,2,418,169,180.46,received,2023-11-11,2023-11-16,2023-11-15,2023-11-11
1190,8,496,410,138.81,received,2023-07-05,2023-07-31,2023-08-01,2023-07-05
1191,12,311,106,281.11,received,2023-04-18,2023-04-22,2023-04-23,2023-04-18
1192,14,143,332,116.06,received,2023-10-19,2023-10-29,2023-10-28,2023-10-19
1193,4,338,83,19.02,received,2023-10-17,2023-10-25,2023-10-24,2023-10-17
1194,10,66,317,33.55,received,2023-02-03,2023-02-12,2023-02-11,2023-02-03
1195,12,401,404,18.57,received,2023-05-21,2023-05-25,2023-05-23,2023-05-21
1196,11,273,51,39.07,received,2023-11-11,2023-11-13,2023-11-14,2023-11-11
1197,7,329,487,125.29,received,2023-12-11,2023-12-18,2023-12-22,2023-12-11
1198,6,222,303,19.14,received,2023-07-28,2023-07-31,2023-08-01,2023-07-28
1199,6,265,74,31.15,received,2023-01-23,2023-01-26,2023-01-25,2023-01-23
1200,5,471,52,79.48,received,2023-08-04,2023-08-09,2023-08-09,2023-08-04
