sku_id,sku_code,product_name,category,unit_cost,unit_price,weight_kg,abc_class,supplier_id,created_at
1,SKU-0001,Electronics Product 0001,Electronics,241.97,439.94,2.036,B,11,2023-01-01
2,SKU-0002,Clothing Product 0002,Clothing,34.22,85.56,0.149,A,11,2023-01-01
3,SKU-0003,Home & Garden Product 0003,Home & Garden,86.67,192.6,3.384,B,2,2023-01-01
4,SKU-0004,Home & Garden Product 0004,Home & Garden,71.79,159.53,3.401,C,6,2023-01-01
5,SKU-0005,Sports Product 0005,Sports,143.22,286.45,1.752,A,4,2023-01-01
6,SKU-0006,Sports Product 0006,Sports,137.18,274.35,1.262,C,12,2023-01-01
7,SKU-0007,Clothing Product 0007,Clothing,52.32,130.79,0.311,C,9,2023-01-01
8,SKU-0008,Electronics Product 0008,Electronics,152.85,277.91,0.604,C,13,2023-01-01
9,SKU-0009,Beauty Product 0009,Beauty,33.23,94.93,0.195,A,8,2023-01-01
10,SKU-0010,Sports Product 0010,Sports,139.18,278.36,1.631,A,13,2023-01-01
11,SKU-0011,Clothing Product 0011,Clothing,55.44,138.59,0.299,C,11,2023-01-01
12,SKU-0012,Beauty Product 0012,Beauty,19.93,56.93,0.418,C,13,2023-01-01
13,SKU-0013,Clothing Product 0013,Clothing,56.44,141.1,0.257,C,4,2023-01-01
14,SKU-0014,Clothing Product 0014,Clothing,9.76,24.4,0.271,C,8,2023-01-01
15,SKU-0015,Beauty Product 0015,Beauty,45.14,128.96,0.083,A,7,2023-01-01
16,SKU-0016,Beauty Product 0016,Beauty,13.03,37.22,0.363,A,8,2023-01-01
17,SKU-0017,Sports Product 0017,Sports,58.24,116.49,2.037,C,1,2023-01-01
18,SKU-0018,Electronics Product 0018,Electronics,348.6,633.82,0.625,A,13,2023-01-01
19,SKU-0019,Beauty Product 0019,Beauty,26.26,75.04,0.301,B,15,2023-01-01
20,SKU-0020,Electronics Product 0020,Electronics,215.79,392.35,2.023,C,11,2023-01-01
21,SKU-0021,Beauty Product 0021,Beauty,51.91,148.3,0.318,C,13,2023-01-01
22,SKU-0022,Sports Product 0022,Sports,127.37,254.74,2.214,A,9,2023-01-01
23,SKU-0023,Sports Product 0023,Sports,168.23,336.46,1.734,C,15,2023-01-01
24,SKU-0024,Clothing Product 0024,Clothing,61.54,153.86,0.432,C,5,2023-01-01
25,SKU-0025,Clothing Product 0025,Clothing,68.47,171.18,0.294,C,13,2023-01-01
26,SKU-0026,Beauty Product 0026,Beauty,27.24,77.84,0.158,B,8,2023-01-01
27,SKU-0027,Electronics Product 0027,Electronics,321.84,585.16,0.663,B,6,2023-01-01
28,SKU-0028,Home & Garden Product 0028,Home & Garden,121.28,269.51,0.587,C,3,2023-01-01
29,SKU-0029,Clothing Product 0029,Clothing,35.58,88.95,0.207,A,4,2023-01-01
30,SKU-0030,Electronics Product 0030,Electronics,198.63,361.15,0.894,C,8,2023-01-01
31,SKU-0031,Sports Product 0031,Sports,24.18,48.35,2.532,A,7,2023-01-01
32,SKU-0032,Beauty Product 0032,Beauty,49.86,142.45,0.059,C,15,2023-01-01
33,SKU-0033,Beauty Product 0033,Beauty,22.14,63.25,0.053,C,6,2023-01-01
34,SKU-0034,Home & Garden Product 0034,Home & Garden,103.38,229.74,4.297,C,14,2023-01-01
35,SKU-0035,Sports Product 0035,Sports,113.42,226.83,2.257,C,13,2023-01-01
36,SKU-0036,Beauty Product 0036,Beauty,47.49,135.69,0.27,A,5,2023-01-01
37,SKU-0037,Sports Product 0037,Sports,103.56,207.12,1.289,B,11,2023-01-01
38,SKU-0038,Sports Product 0038,Sports,148.28,296.57,2.553,C,15,2023-01-01
39,SKU-0039,Clothing Product 0039,Clothing,78.61,196.53,0.474,B,15,2023-01-01
40,SKU-0040,Sports Product 0040,Sports,123.48,246.96,2.056,C,2,2023-01-01
41,SKU-0041,Sports Product 0041,Sports,37.95,75.89,1.493,C,1,2023-01-01
42,SKU-0042,Home & Garden Product 0042,Home & Garden,55.37,123.04,1.216,A,6,2023-01-01
43,SKU-0043,Home & Garden Product 0043,Home & Garden,104.38,231.95,2.02,C,13,2023-01-01
44,SKU-0044,Sports Product 0044,Sports,59.8,119.6,0.429,B,1,2023-01-01
45,SKU-0045,Beauty Product 0045,Beauty,6.05,17.29,0.478,B,4,2023-01-01
46,SKU-0046,Electronics Product 0046,Electronics,349.76,635.92,1.664,C,13,2023-01-01
47,SKU-0047,Electronics Product 0047,Electronics,419.22,762.21,0.578,B,1,2023-01-01
48,SKU-0048,Beauty Product 0048,Beauty,10.97,31.33,0.107,C,11,2023-01-01
49,SKU-0049,Electronics Product 0049,Electronics,260.14,472.98,0.623,C,12,2023-01-01
50,SKU-0050,Home & Garden Product 0050,Home & Garden,105.11,233.57,1.005,B,10,2023-01-01
51,SKU-0051,Electronics Product 0051,Electronics,348.34,633.34,0.493,A,5,2023-01-01
52,SKU-0052,Electronics Product 0052,Electronics,266.21,484.01,2.329,B,10,2023-01-01
53,SKU-0053,Sports Product 0053,Sports,86.88,173.75,2.202,B,2,2023-01-01
54,SKU-0054,Beauty Product 0054,Beauty,37.34,106.69,0.332,B,2,2023-01-01
55,SKU-0055,Home & Garden Product 0055,Home & Garden,115.8,257.33,3.082,C,2,2023-01-01
56,SKU-0056,Beauty Product 0056,Beauty,41.85,119.57,0.206,C,7,2023-01-01
57,SKU-0057,Home & Garden Product 0057,Home & Garden,15.59,34.65,3.308,C,1,2023-01-01
58,SKU-0058,Sports Product 0058,Sports,166.69,333.37,0.496,C,6,2023-01-01
59,SKU-0059,Sports Product 0059,Sports,145.12,290.24,1.419,B,12,2023-01-01
60,SKU-0060,Beauty Product 0060,Beauty,50.81,145.17,0.172,C,13,2023-01-01
61,SKU-0061,Beauty Product 0061,Beauty,41.46,118.45,0.259,C,14,2023-01-01
62,SKU-0062,Beauty Product 0062,Beauty,16.65,47.58,0.433,A,14,2023-01-01
63,SKU-0063,Electronics Product 0063,Electronics,142.56,259.2,1.182,C,13,2023-01-01
64,SKU-0064,Sports Product 0064,Sports,119.34,238.69,2.071,B,6,2023-01-01
65,SKU-0065,Electronics Product 0065,Electronics,231.4,420.73,0.88,B,8,2023-01-01
66,SKU-0066,Clothing Product 0066,Clothing,33.55,83.87,0.281,B,5,2023-01-01
67,SKU-0067,Beauty Product 0067,Beauty,37.86,108.17,0.174,C,1,2023-01-01
68,SKU-0068,Beauty Product 0068,Beauty,49.96,142.73,0.089,C,12,2023-01-01
69,SKU-0069,Sports Product 0069,Sports,104.11,208.22,2.323,B,12,2023-01-01
70,SKU-0070,Sports Product 0070,Sports,133.6,267.21,1.574,B,13,2023-01-01
71,SKU-0071,Electronics Product 0071,Electronics,65.88,119.79,0.632,B,12,2023-01-01
72,SKU-0072,Clothing Product 0072,Clothing,30.05,75.12,0.507,B,8,2023-01-01
73,SKU-0073,Beauty Product 0073,Beauty,29.52,84.33,0.241,A,12,2023-01-01
74,SKU-0074,Beauty Product 0074,Beauty,19.71,56.31,0.366,B,5,2023-01-01
75,SKU-0075,Home & Garden Product 0075,Home & Garden,38.99,86.65,0.779,A,4,2023-01-01
76,SKU-0076,Home & Garden Product 0076,Home & Garden,22.08,49.07,2.772,C,13,2023-01-01
77,SKU-0077,Clothing Product 0077,Clothing,21.79,54.48,0.617,B,5,2023-01-01
78,SKU-0078,Beauty Product 0078,Beauty,51.35,146.72,0.286,A,5,2023-01-01
79,SKU-0079,Electronics Product 0079,Electronics,370.96,674.47,0.811,B,6,2023-01-01
80,SKU-0080,Clothing Product 0080,Clothing,29.76,74.41,0.596,C,3,2023-01-01
81,SKU-0081,Home & Garden Product 0081,Home & Garden,12.59,27.97,0.462,B,5,2023-01-01
82,SKU-0082,Clothing Product 0082,Clothing,53.93,134.82,0.627,B,2,2023-01-01
83,SKU-0083,Electronics Product 0083,Electronics,264.3,480.55,1.227,C,8,2023-01-01
84,SKU-0084,Home & Garden Product 0084,Home & Garden,30.39,67.54,0.447,B,14,2023-01-01
85,SKU-0085,Sports Product 0085,Sports,33.89,67.78,0.383,B,8,2023-01-01
86,SKU-0086,Electronics Product 0086,Electronics,265.52,482.77,1.747,B,3,2023-01-01
87,SKU-0087,Clothing Product 0087,Clothing,66.4,166.01,0.764,A,2,2023-01-01
88,SKU-0088,Clothing Product 0088,Clothing,16.53,41.32,0.635,C,10,2023-01-01
89,SKU-0089,Beauty Product 0089,Beauty,42.24,120.7,0.152,A,9,2023-01-01
90,SKU-0090,Sports Product 0090,Sports,96.97,193.94,1.44,C,14,2023-01-01
91,SKU-0091,Beauty Product 0091,Beauty,52.01,148.6,0.187,C,10,2023-01-01
92,SKU-0092,Electronics Product 0092,Electronics,278.97,507.22,1.876,A,13,2023-01-01
93,SKU-0093,Clothing Product 0093,Clothing,53.04,132.59,0.285,C,2,2023-01-01
94,SKU-0094,Clothing Product 0094,Clothing,25.27,63.18,0.486,B,3,2023-01-01
95,SKU-0095,Electronics Product 0095,Electronics,196.01,356.39,1.754,C,8,2023-01-01
96,SKU-0096,Home & Garden Product 0096,Home & Garden,10.94,24.3,1.583,C,5,2023-01-01
97,SKU-0097,Sports Product 0097,Sports,25.84,51.69,0.854,B,5,2023-01-01
98,SKU-0098,Beauty Product 0098,Beauty,35.9,102.57,0.47,A,7,2023-01-01
99,SKU-0099,Electronics Product 0099,Electronics,252.13,458.42,1.654,C,15,2023-01-01
100,SKU-0100,Home & Garden Product 0100,Home & Garden,112.77,250.59,0.543,C,3,2023-01-01
101,SKU-0101,Home & Garden Product 0101,Home & Garden,83.07,184.59,4.156,B,15,2023-01-01
102,SKU-0102,Home & Garden Product 0102,Home & Garden,63.07,140.16,2.45,B,5,2023-01-01
103,SKU-0103,Sports Product 0103,Sports,189.25,378.5,1.601,B,8,2023-01-01
104,SKU-0104,Sports Product 0104,Sports,27.59,55.17,0.312,B,7,2023-01-01
105,SKU-0105,Home & Garden Product 0105,Home & Garden,84.18,187.06,0.324,C,4,2023-01-01
106,SKU-0106,Beauty Product 0106,Beauty,32.27,92.2,0.059,C,13,2023-01-01
107,SKU-0107,Home & Garden Product 0107,Home & Garden,80.65,179.23,3.863,B,3,2023-01-01
108,SKU-0108,Sports Product 0108,Sports,109.81,219.61,1.438,B,5,2023-01-01
109,SKU-0109,Clothing Product 0109,Clothing,79.78,199.45,0.405,C,14,2023-01-01
110,SKU-0110,Sports Product 0110,Sports,194.2,388.4,1.516,C,7,2023-01-01
111,SKU-0111,Home & Garden Product 0111,Home & Garden,47.93,106.5,0.702,B,3,2023-01-01
112,SKU-0112,Home & Garden Product 0112,Home & Garden,59.54,132.32,2.578,B,11,2023-01-01
113,SKU-0113,Sports Product 0113,Sports,165.04,330.09,1.74,B,8,2023-01-01
114,SKU-0114,Electronics Product 0114,Electronics,157.24,285.89,0.876,A,13,2023-01-01
115,SKU-0115,Sports Product 0115,Sports,174.67,349.34,2.51,A,1,2023-01-01
116,SKU-0116,Beauty Product 0116,Beauty,26.14,74.68,0.074,B,9,2023-01-01
117,SKU-0117,Home & Garden Product 0117,Home & Garden,86.6,192.45,2.593,C,8,2023-01-01
118,SKU-0118,Electronics Product 0118,Electronics,111.47,202.67,1.418,C,15,2023-01-01
119,SKU-0119,Home & Garden Product 0119,Home & Garden,62.94,139.86,3.552,C,2,2023-01-01
120,SKU-0120,Electronics Product 0120,Electronics,428.92,779.86,1.561,C,4,2023-01-01
121,SKU-0121,Clothing Product 0121,Clothing,30.38,75.94,0.11,B,7,2023-01-01
122,SKU-0122,Electronics Product 0122,Electronics,120.19,218.53,2.119,C,2,2023-01-01
123,SKU-0123,Sports Product 0123,Sports,190.07,380.15,2.014,C,3,2023-01-01
124,SKU-0124,Sports Product 0124,Sports,187.37,374.74,1.017,C,12,2023-01-01
125,SKU-0125,Home & Garden Product 0125,Home & Garden,60.03,133.41,2.516,B,8,2023-01-01
126,SKU-0126,Clothing Product 0126,Clothing,40.89,102.22,0.201,C,4,2023-01-01
127,SKU-0127,Beauty Product 0127,Beauty,28.4,81.15,0.446,C,14,2023-01-01
128,SKU-0128,Electronics Product 0128,Electronics,141.45,257.19,1.996,A,7,2023-01-01
129,SKU-0129,Home & Garden Product 0129,Home & Garden,126.57,281.26,2.637,B,14,2023-01-01
130,SKU-0130,Electronics Product 0130,Electronics,144.17,262.13,0.817,A,10,2023-01-01
131,SKU-0131,Beauty Product 0131,Beauty,52.45,149.85,0.27,C,3,2023-01-01
132,SKU-0132,Sports Product 0132,Sports,113.48,226.97,1.166,C,9,2023-01-01
133,SKU-0133,Beauty Product 0133,Beauty,21.98,62.81,0.47,C,14,2023-01-01
134,SKU-0134,Clothing Product 0134,Clothing,78.62,196.54,0.267,C,7,2023-01-01
135,SKU-0135,Clothing Product 0135,Clothing,69.63,174.08,0.388,C,6,2023-01-01
136,SKU-0136,Sports Product 0136,Sports,144.73,289.46,2.472,A,7,2023-01-01
137,SKU-0137,Clothing Product 0137,Clothing,43.66,109.16,0.126,C,9,2023-01-01
138,SKU-0138,Beauty Product 0138,Beauty,19.77,56.48,0.095,C,14,2023-01-01
139,SKU-0139,Sports Product 0139,Sports,31.2,62.39,2.749,C,1,2023-01-01
140,SKU-0140,Clothing Product 0140,Clothing,37.52,93.8,0.558,A,3,2023-01-01
141,SKU-0141,Electronics Product 0141,Electronics,221.17,402.12,2.426,B,6,2023-01-01
142,SKU-0142,Beauty Product 0142,Beauty,37.44,106.98,0.342,C,14,2023-01-01
143,SKU-0143,Home & Garden Product 0143,Home & Garden,116.06,257.92,4.325,C,7,2023-01-01
144,SKU-0144,Home & Garden Product 0144,Home & Garden,87.14,193.64,4.46,A,8,2023-01-01
145,SKU-0145,Beauty Product 0145,Beauty,5.26,15.03,0.081,A,11,2023-01-01
146,SKU-0146,Home & Garden Product 0146,Home & Garden,134.67,299.27,3.784,A,7,2023-01-01
147,SKU-0147,Electronics Product 0147,Electronics,341.15,620.28,1.789,C,2,2023-01-01
148,SKU-0148,Sports Product 0148,Sports,43.7,87.39,1.039,A,1,2023-01-01
149,SKU-0149,Electronics Product 0149,Electronics,161.3,293.28,0.235,B,6,2023-01-01
150,SKU-0150,Home & Garden Product 0150,Home & Garden,61.99,137.75,1.372,B,7,2023-01-01
151,SKU-0151,Beauty Product 0151,Beauty,36.91,105.45,0.131,B,3,2023-01-01
152,SKU-0152,Electronics Product 0152,Electronics,278.92,507.12,1.018,C,11,2023-01-01
153,SKU-0153,Clothing Product 0153,Clothing,43.83,109.58,0.508,C,4,2023-01-01
154,SKU-0154,Sports Product 0154,Sports,132.1,264.21,1.487,C,11,2023-01-01
155,SKU-0155,Electronics Product 0155,Electronics,398.3,724.18,1.217,B,5,2023-01-01
156,SKU-0156,Beauty Product 0156,Beauty,11.24,32.12,0.249,B,6,2023-01-01
157,SKU-0157,Beauty Product 0157,Beauty,18.16,51.88,0.483,B,12,2023-01-01
158,SKU-0158,Home & Garden Product 0158,Home & Garden,65.34,145.2,1.65,A,7,2023-01-01
159,SKU-0159,Sports Product 0159,Sports,32.49,64.99,1.268,A,6,2023-01-01
160,SKU-0160,Beauty Product 0160,Beauty,18.0,51.42,0.365,B,1,2023-01-01
161,SKU-0161,Sports Product 0161,Sports,63.97,127.93,1.785,C,11,2023-01-01
162,SKU-0162,Electronics Product 0162,Electronics,403.13,732.96,1.888,A,14,2023-01-01
163,SKU-0163,Home & Garden Product 0163,Home & Garden,106.24,236.09,1.305,C,13,2023-01-01
164,SKU-0164,Home & Garden Product 0164,Home & Garden,34.84,77.42,1.113,C,5,2023-01-01
165,SKU-0165,Clothing Product 0165,Clothing,53.23,133.08,0.732,C,11,2023-01-01
166,SKU-0166,Electronics Product 0166,Electronics,154.94,281.7,1.158,C,10,2023-01-01
167,SKU-0167,Home & Garden Product 0167,Home & Garden,100.67,223.72,0.633,B,5,2023-01-01
168,SKU-0168,Home & Garden Product 0168,Home & Garden,102.61,228.03,1.043,A,3,2023-01-01
169,SKU-0169,Beauty Product 0169,Beauty,46.44,132.7,0.215,A,9,2023-01-01
170,SKU-0170,Home & Garden Product 0170,Home & Garden,113.26,251.68,1.433,B,14,2023-01-01
171,SKU-0171,Sports Product 0171,Sports,193.88,387.77,1.026,B,14,2023-01-01
172,SKU-0172,Home & Garden Product 0172,Home & Garden,109.89,244.21,2.448,B,2,2023-01-01
173,SKU-0173,Clothing Product 0173,Clothing,62.3,155.75,0.258,C,11,2023-01-01
174,SKU-0174,Sports Product 0174,Sports,193.87,387.73,2.453,B,6,2023-01-01
175,SKU-0175,Electronics Product 0175,Electronics,353.66,643.01,0.133,C,9,2023-01-01
176,SKU-0176,Electronics Product 0176,Electronics,215.1,391.09,1.715,B,11,2023-01-01
177,SKU-0177,Home & Garden Product 0177,Home & Garden,81.72,181.6,4.148,B,6,2023-01-01
178,SKU-0178,Electronics Product 0178,Electronics,305.87,556.13,1.232,C,10,2023-01-01
179,SKU-0179,Beauty Product 0179,Beauty,19.57,55.92,0.325,C,11,2023-01-01
180,SKU-0180,Electronics Product 0180,Electronics,289.6,526.55,1.214,C,12,2023-01-01
181,SKU-0181,Home & Garden Product 0181,Home & Garden,90.01,200.03,0.76,C,1,2023-01-01
182,SKU-0182,Electronics Product 0182,Electronics,153.05,278.27,1.282,B,2,2023-01-01
183,SKU-0183,Clothing Product 0183,Clothing,71.88,179.71,0.195,C,8,2023-01-01
184,SKU-0184,Home & Garden Product 0184,Home & Garden,92.74,206.09,3.767,B,9,2023-01-01
185,SKU-0185,Sports Product 0185,Sports,122.62,245.25,2.234,C,15,2023-01-01
186,SKU-0186,Sports Product 0186,Sports,135.3,270.6,2.534,B,10,2023-01-01
187,SKU-0187,Sports Product 0187,Sports,188.57,377.14,0.983,C,12,2023-01-01
188,SKU-0188,Home & Garden Product 0188,Home & Garden,34.61,76.92,2.335,C,4,2023-01-01
189,SKU-0189,Home & Garden Product 0189,Home & Garden,19.49,43.32,3.491,A,9,2023-01-01
190,SKU-0190,Home & Garden Product 0190,Home & Garden,14.52,32.26,1.524,A,2,2023-01-01
191,SKU-0191,Sports Product 0191,Sports,29.69,59.38,0.794,A,11,2023-01-01
192,SKU-0192,Beauty Product 0192,Beauty,51.08,145.95,0.073,B,6,2023-01-01
193,SKU-0193,Clothing Product 0193,Clothing,79.2,197.99,0.651,B,4,2023-01-01
194,SKU-0194,Electronics Product 0194,Electronics,369.8,672.36,1.43,C,10,2023-01-01
195,SKU-0195,Clothing Product 0195,Clothing,66.54,166.35,0.263,C,13,2023-01-01
196,SKU-0196,Clothing Product 0196,Clothing,64.78,161.96,0.517,C,5,2023-01-01
197,SKU-0197,Clothing Product 0197,Clothing,79.1,197.75,0.478,C,13,2023-01-01
198,SKU-0198,Clothing Product 0198,Clothing,15.92,39.79,0.707,B,3,2023-01-01
199,SKU-0199,Electronics Product 0199,Electronics,175.27,318.68,1.992,B,10,2023-01-01
200,SKU-0200,Home & Garden Product 0200,Home & Garden,8.78,19.5,1.474,C,3,2023-01-01
201,SKU-0201,Sports Product 0201,Sports,111.14,222.28,2.288,C,8,2023-01-01
202,SKU-0202,Sports Product 0202,Sports,158.38,316.76,1.637,C,2,2023-01-01
203,SKU-0203,Sports Product 0203,Sports,106.97,213.94,2.847,B,1,2023-01-01
204,SKU-0204,Beauty Product 0204,Beauty,18.28,52.23,0.34,C,1,2023-01-01
205,SKU-0205,Electronics Product 0205,Electronics,439.42,798.94,2.134,B,7,2023-01-01
206,SKU-0206,Electronics Product 0206,Electronics,229.74,417.7,2.283,C,2,2023-01-01
207,SKU-0207,Electronics Product 0207,Electronics,160.37,291.58,0.456,A,3,2023-01-01
208,SKU-0208,Home & Garden Product 0208,Home & Garden,86.82,192.93,3.01,C,12,2023-01-01
209,SKU-0209,Home & Garden Product 0209,Home & Garden,55.6,123.56,3.067,A,5,2023-01-01
210,SKU-0210,Sports Product 0210,Sports,107.29,214.58,1.405,C,13,2023-01-01
211,SKU-0211,Electronics Product 0211,Electronics,379.27,689.59,1.662,A,13,2023-01-01
212,SKU-0212,Beauty Product 0212,Beauty,38.82,110.92,0.147,B,8,2023-01-01
213,SKU-0213,Clothing Product 0213,Clothing,37.8,94.49,0.679,C,7,2023-01-01
214,SKU-0214,Sports Product 0214,Sports,149.3,298.6,1.075,C,6,2023-01-01
215,SKU-0215,Home & Garden Product 0215,Home & Garden,54.76,121.68,0.933,C,15,2023-01-01
216,SKU-0216,Sports Product 0216,Sports,25.09,50.17,2.529,B,2,2023-01-01
217,SKU-0217,Sports Product 0217,Sports,30.61,61.21,2.269,B,13,2023-01-01
218,SKU-0218,Clothing Product 0218,Clothing,48.06,120.15,0.511,B,9,2023-01-01
219,SKU-0219,Beauty Product 0219,Beauty,19.65,56.15,0.105,C,6,2023-01-01
220,SKU-0220,Sports Product 0220,Sports,175.26,350.53,2.219,C,5,2023-01-01
221,SKU-0221,Beauty Product 0221,Beauty,18.81,53.74,0.097,C,9,2023-01-01
222,SKU-0222,Clothing Product 0222,Clothing,19.14,47.85,0.438,C,14,2023-01-01
223,SKU-0223,Electronics Product 0223,Electronics,171.92,312.59,1.435,B,2,2023-01-01
224,SKU-0224,Home & Garden Product 0224,Home & Garden,80.38,178.62,4.075,C,14,2023-01-01
225,SKU-0225,Beauty Product 0225,Beauty,51.25,146.44,0.418,A,10,2023-01-01
226,SKU-0226,Beauty Product 0226,Beauty,4.79,13.68,0.468,C,14,2023-01-01
227,SKU-0227,Home & Garden Product 0227,Home & Garden,10.46,23.25,1.512,C,13,2023-01-01
228,SKU-0228,Home & Garden Product 0228,Home & Garden,124.94,277.64,1.885,C,3,2023-01-01
229,SKU-0229,Clothing Product 0229,Clothing,48.78,121.94,0.381,A,3,2023-01-01
230,SKU-0230,Electronics Product 0230,Electronics,65.35,118.82,1.373,C,7,2023-01-01
231,SKU-0231,Sports Product 0231,Sports,97.56,195.12,0.641,B,5,2023-01-01
232,SKU-0232,Home & Garden Product 0232,Home & Garden,106.38,236.4,2.924,C,2,2023-01-01
233,SKU-0233,Electronics Product 0233,Electronics,91.67,166.68,1.911,C,1,2023-01-01
234,SKU-0234,Electronics Product 0234,Electronics,139.74,254.08,1.689,C,8,2023-01-01
235,SKU-0235,Beauty Product 0235,Beauty,25.16,71.89,0.173,B,13,2023-01-01
236,SKU-0236,Beauty Product 0236,Beauty,9.08,25.93,0.243,A,5,2023-01-01
237,SKU-0237,Beauty Product 0237,Beauty,27.35,78.13,0.35,A,1,2023-01-01
238,SKU-0238,Clothing Product 0238,Clothing,36.46,91.15,0.52,B,1,2023-01-01
239,SKU-0239,Clothing Product 0239,Clothing,29.7,74.26,0.248,B,3,2023-01-01
240,SKU-0240,Home & Garden Product 0240,Home & Garden,43.87,97.49,0.776,B,8,2023-01-01
241,SKU-0241,Sports Product 0241,Sports,45.45,90.89,1.265,C,12,2023-01-01
242,SKU-0242,Clothing Product 0242,Clothing,44.02,110.05,0.683,C,13,2023-01-01
243,SKU-0243,Home & Garden Product 0243,Home & Garden,15.99,35.54,4.336,B,1,2023-01-01
244,SKU-0244,Sports Product 0244,Sports,16.02,32.03,2.779,C,14,2023-01-01
245,SKU-0245,Home & Garden Product 0245,Home & Garden,80.59,179.09,2.952,C,12,2023-01-01
246,SKU-0246,Sports Product 0246,Sports,66.78,133.57,1.334,A,6,2023-01-01
247,SKU-0247,Clothing Product 0247,Clothing,65.7,164.24,0.533,A,14,2023-01-01
248,SKU-0248,Home & Garden Product 0248,Home & Garden,18.05,40.12,4.254,B,4,2023-01-01
249,SKU-0249,Sports Product 0249,Sports,122.92,245.83,1.667,C,7,2023-01-01
250,SKU-0250,Home & Garden Product 0250,Home & Garden,102.4,227.55,1.264,C,13,2023-01-01
251,SKU-0251,Clothing Product 0251,Clothing,13.5,33.75,0.543,C,9,2023-01-01
252,SKU-0252,Beauty Product 0252,Beauty,13.0,37.15,0.399,B,6,2023-01-01
253,SKU-0253,Clothing Product 0253,Clothing,25.01,62.53,0.203,A,4,2023-01-01
254,SKU-0254,Clothing Product 0254,Clothing,51.37,128.43,0.632,C,11,2023-01-01
255,SKU-0255,Electronics Product 0255,Electronics,100.57,182.86,1.955,B,8,2023-01-01
256,SKU-0256,Sports Product 0256,Sports,153.96,307.92,2.328,C,8,2023-01-01
257,SKU-0257,Beauty Product 0257,Beauty,35.01,100.02,0.494,C,6,2023-01-01
258,SKU-0258,Home & Garden Product 0258,Home & Garden,26.11,58.02,0.528,C,8,2023-01-01
259,SKU-0259,Home & Garden Product 0259,Home & Garden,108.88,241.95,3.039,A,6,2023-01-01
260,SKU-0260,Beauty Product 0260,Beauty,7.14,20.39,0.258,C,1,2023-01-01
261,SKU-0261,Electronics Product 0261,Electronics,179.6,326.55,0.789,C,11,2023-01-01
262,SKU-0262,Electronics Product 0262,Electronics,281.19,511.26,1.317,B,8,2023-01-01
263,SKU-0263,Beauty Product 0263,Beauty,30.66,87.6,0.406,C,15,2023-01-01
264,SKU-0264,Electronics Product 0264,Electronics,213.02,387.3,2.044,C,11,2023-01-01
265,SKU-0265,Clothing Product 0265,Clothing,31.15,77.87,0.433,B,3,2023-01-01
266,SKU-0266,Electronics Product 0266,Electronics,213.34,387.89,2.046,A,14,2023-01-01
267,SKU-0267,Home & Garden Product 0267,Home & Garden,132.74,294.98,0.605,C,11,2023-01-01
268,SKU-0268,Clothing Product 0268,Clothing,10.82,27.05,0.595,B,8,2023-01-01
269,SKU-0269,Beauty Product 0269,Beauty,29.11,83.18,0.121,A,6,2023-01-01
270,SKU-0270,Home & Garden Product 0270,Home & Garden,56.43,125.41,3.917,A,11,2023-01-01
271,SKU-0271,Beauty Product 0271,Beauty,6.07,17.33,0.334,A,6,2023-01-01
272,SKU-0272,Electronics Product 0272,Electronics,163.5,297.27,1.439,C,7,2023-01-01
273,SKU-0273,Home & Garden Product 0273,Home & Garden,39.07,86.82,4.288,B,15,2023-01-01
274,SKU-0274,Beauty Product 0274,Beauty,46.29,132.26,0.2,C,10,2023-01-01
275,SKU-0275,Clothing Product 0275,Clothing,74.0,185.01,0.317,C,11,2023-01-01
276,SKU-0276,Sports Product 0276,Sports,36.68,73.36,2.185,B,2,2023-01-01
277,SKU-0277,Home & Garden Product 0277,Home & Garden,78.43,174.29,3.289,C,6,2023-01-01
278,SKU-0278,Clothing Product 0278,Clothing,56.25,140.62,0.68,A,12,2023-01-01
279,SKU-0279,Beauty Product 0279,Beauty,8.08,23.08,0.352,A,9,2023-01-01
280,SKU-0280,Home & Garden Product 0280,Home & Garden,9.09,20.2,1.683,B,4,2023-01-01
281,SKU-0281,Home & Garden Product 0281,Home & Garden,128.29,285.09,2.534,C,4,2023-01-01
282,SKU-0282,Clothing Product 0282,Clothing,19.16,47.89,0.307,B,13,2023-01-01
283,SKU-0283,Electronics Product 0283,Electronics,236.92,430.77,1.395,B,12,2023-01-01
284,SKU-0284,Beauty Product 0284,Beauty,5.35,15.28,0.202,A,13,2023-01-01
285,SKU-0285,Beauty Product 0285,Beauty,9.92,28.35,0.22,C,3,2023-01-01
286,SKU-0286,Clothing Product 0286,Clothing,67.86,169.64,0.64,B,13,2023-01-01
287,SKU-0287,Clothing Product 0287,Clothing,59.92,149.81,0.131,C,6,2023-01-01
288,SKU-0288,Clothing Product 0288,Clothing,77.81,194.53,0.527,C,13,2023-01-01
289,SKU-0289,Sports Product 0289,Sports,56.38,112.75,0.87,B,13,2023-01-01
290,SKU-0290,Sports Product 0290,Sports,182.0,363.99,0.743,C,11,2023-01-01
291,SKU-0291,Beauty Product 0291,Beauty,51.74,147.82,0.258,C,5,2023-01-01
292,SKU-0292,Sports Product 0292,Sports,106.8,213.59,1.372,B,3,2023-01-01
293,SKU-0293,Clothing Product 0293,Clothing,65.69,164.23,0.197,C,5,2023-01-01
294,SKU-0294,Electronics Product 0294,Electronics,291.98,530.88,2.198,A,9,2023-01-01
295,SKU-0295,Electronics Product 0295,Electronics,320.95,583.55,1.338,C,2,2023-01-01
296,SKU-0296,Home & Garden Product 0296,Home & Garden,17.5,38.9,0.969,A,8,2023-01-01
297,SKU-0297,Beauty Product 0297,Beauty,10.72,30.63,0.247,C,15,2023-01-01
298,SKU-0298,Clothing Product 0298,Clothing,66.8,167.01,0.719,A,15,2023-01-01
299,SKU-0299,Electronics Product 0299,Electronics,198.64,361.17,1.051,C,6,2023-01-01
300,SKU-0300,Clothing Product 0300,Clothing,35.8,89.51,0.157,C,4,2023-01-01
301,SKU-0301,Electronics Product 0301,Electronics,158.96,289.01,0.338,C,12,2023-01-01
302,SKU-0302,Home & Garden Product 0302,Home & Garden,108.24,240.54,0.86,A,5,2023-01-01
303,SKU-0303,Sports Product 0303,Sports,143.01,286.03,0.589,B,12,2023-01-01
304,SKU-0304,Sports Product 0304,Sports,96.61,193.23,0.215,C,2,2023-01-01
305,SKU-0305,Electronics Product 0305,Electronics,133.07,241.94,2.104,B,9,2023-01-01
306,SKU-0306,Beauty Product 0306,Beauty,29.36,83.89,0.1,C,5,2023-01-01
307,SKU-0307,Clothing Product 0307,Clothing,29.68,74.21,0.133,A,7,2023-01-01
308,SKU-0308,Beauty Product 0308,Beauty,25.9,74.0,0.1,B,15,2023-01-01
309,SKU-0309,Sports Product 0309,Sports,124.39,248.78,0.246,C,9,2023-01-01
310,SKU-0310,Beauty Product 0310,Beauty,15.35,43.87,0.115,B,7,2023-01-01
311,SKU-0311,Electronics Product 0311,Electronics,281.11,511.11,0.677,C,7,2023-01-01
312,SKU-0312,Clothing Product 0312,Clothing,55.84,139.59,0.16,C,6,2023-01-01
313,SKU-0313,Electronics Product 0313,Electronics,420.78,765.05,1.406,B,13,2023-01-01
314,SKU-0314,Beauty Product 0314,Beauty,30.65,87.58,0.226,B,8,2023-01-01
315,SKU-0315,Electronics Product 0315,Electronics,289.71,526.75,2.454,C,5,2023-01-01
316,SKU-0316,Electronics Product 0316,Electronics,174.8,317.82,0.262,C,4,2023-01-01
317,SKU-0317,Electronics Product 0317,Electronics,345.75,628.63,1.864,C,6,2023-01-01
318,SKU-0318,Clothing Product 0318,Clothing,11.19,27.98,0.482,C,14,2023-01-01
319,SKU-0319,Clothing Product 0319,Clothing,67.79,169.47,0.579,C,12,2023-01-01
320,SKU-0320,Sports Product 0320,Sports,130.95,261.9,2.472,C,2,2023-01-01
321,SKU-0321,Sports Product 0321,Sports,19.43,38.87,0.764,A,13,2023-01-01
322,SKU-0322,Clothing Product 0322,Clothing,71.78,179.44,0.321,C,5,2023-01-01
323,SKU-0323,Beauty Product 0323,Beauty,23.01,65.75,0.417,B,8,2023-01-01
324,SKU-0324,Home & Garden Product 0324,Home & Garden,11.45,25.44,3.305,A,5,2023-01-01
325,SKU-0325,Home & Garden Product 0325,Home & Garden,117.32,260.71,0.429,A,11,2023-01-01
326,SKU-0326,Home & Garden Product 0326,Home & Garden,41.79,92.87,4.037,C,7,2023-01-01
327,SKU-0327,Sports Product 0327,Sports,151.87,303.74,2.705,C,7,2023-01-01
328,SKU-0328,Home & Garden Product 0328,Home & Garden,131.63,292.51,2.582,B,8,2023-01-01
329,SKU-0329,Home & Garden Product 0329,Home & Garden,125.29,278.43,2.693,A,13,2023-01-01
330,SKU-0330,Electronics Product 0330,Electronics,327.42,595.31,0.289,C,10,2023-01-01
331,SKU-0331,Clothing Product 0331,Clothing,47.28,118.19,0.325,C,2,2023-01-01
332,SKU-0332,Home & Garden Product 0332,Home & Garden,91.51,203.36,1.671,B,10,2023-01-01
333,SKU-0333,Sports Product 0333,Sports,43.74,87.49,1.443,A,8,2023-01-01
334,SKU-0334,Electronics Product 0334,Electronics,327.31,595.11,2.288,B,10,2023-01-01
335,SKU-0335,Sports Product 0335,Sports,63.98,127.96,2.944,B,1,2023-01-01
336,SKU-0336,Electronics Product 0336,Electronics,304.36,553.39,1.075,C,9,2023-01-01
337,SKU-0337,Clothing Product 0337,Clothing,76.6,191.5,0.2,C,10,2023-01-01
338,SKU-0338,Sports Product 0338,Sports,19.02,38.05,0.388,A,13,2023-01-01
339,SKU-0339,Home & Garden Product 0339,Home & Garden,53.19,118.21,4.757,C,1,2023-01-01
340,SKU-0340,Beauty Product 0340,Beauty,11.02,31.48,0.252,B,6,2023-01-01
341,SKU-0341,Home & Garden Product 0341,Home & Garden,63.68,141.52,0.569,C,3,2023-01-01
342,SKU-0342,Beauty Product 0342,Beauty,21.48,61.37,0.191,A,5,2023-01-01
343,SKU-0343,Clothing Product 0343,Clothing,77.16,192.89,0.118,C,3,2023-01-01
344,SKU-0344,Sports Product 0344,Sports,109.58,219.15,2.758,C,2,2023-01-01
345,SKU-0345,Home & Garden Product 0345,Home & Garden,106.14,235.86,3.579,A,4,2023-01-01
346,SKU-0346,Beauty Product 0346,Beauty,17.49,49.98,0.462,B,8,2023-01-01
347,SKU-0347,Clothing Product 0347,Clothing,16.83,42.07,0.697,C,8,2023-01-01
348,SKU-0348,Clothing Product 0348,Clothing,72.7,181.76,0.412,B,2,2023-01-01
349,SKU-0349,Home & Garden Product 0349,Home & Garden,92.4,205.33,3.606,C,9,2023-01-01
350,SKU-0350,Beauty Product 0350,Beauty,17.73,50.65,0.185,C,3,2023-01-01
351,SKU-0351,Clothing Product 0351,Clothing,65.15,162.87,0.456,C,2,2023-01-01
352,SKU-0352,Clothing Product 0352,Clothing,65.03,162.57,0.266,B,8,2023-01-01
353,SKU-0353,Electronics Product 0353,Electronics,176.37,320.67,1.473,C,8,2023-01-01
354,SKU-0354,Beauty Product 0354,Beauty,9.86,28.17,0.448,A,2,2023-01-01
355,SKU-0355,Home & Garden Product 0355,Home & Garden,57.82,128.48,3.641,C,8,2023-01-01
356,SKU-0356,Beauty Product 0356,Beauty,23.63,67.51,0.234,A,10,2023-01-01
357,SKU-0357,Electronics Product 0357,Electronics,79.2,144.0,0.861,C,2,2023-01-01
358,SKU-0358,Sports Product 0358,Sports,99.84,199.69,1.649,C,3,2023-01-01
359,SKU-0359,Beauty Product 0359,Beauty,34.85,99.57,0.132,A,3,2023-01-01
360,SKU-0360,Sports Product 0360,Sports,106.78,213.57,2.631,C,14,2023-01-01
361,SKU-0361,Electronics Product 0361,Electronics,241.22,438.58,0.83,A,3,2023-01-01
362,SKU-0362,Home & Garden Product 0362,Home & Garden,126.63,281.4,1.282,B,9,2023-01-01
363,SKU-0363,Home & Garden Product 0363,Home & Garden,115.24,256.09,1.403,C,11,2023-01-01
364,SKU-0364,Beauty Product 0364,Beauty,16.95,48.42,0.331,A,10,2023-01-01
365,SKU-0365,Beauty Product 0365,Beauty,8.08,23.08,0.338,B,10,2023-01-01
366,SKU-0366,Beauty Product 0366,Beauty,11.06,31.59,0.346,C,12,2023-01-01
367,SKU-0367,Beauty Product 0367,Beauty,20.04,57.27,0.466,C,1,2023-01-01
368,SKU-0368,Electronics Product 0368,Electronics,61.01,110.92,2.377,C,13,2023-01-01
369,SKU-0369,Beauty Product 0369,Beauty,16.47,47.05,0.145,C,10,2023-01-01
370,SKU-0370,Sports Product 0370,Sports,128.4,256.79,0.285,A,15,2023-01-01
371,SKU-0371,Beauty Product 0371,Beauty,17.69,50.55,0.48,C,8,2023-01-01
372,SKU-0372,Clothing Product 0372,Clothing,65.94,164.84,0.579,C,5,2023-01-01
373,SKU-0373,Sports Product 0373,Sports,26.18,52.36,0.368,A,8,2023-01-01
374,SKU-0374,Sports Product 0374,Sports,103.3,206.59,0.771,C,10,2023-01-01
375,SKU-0375,Clothing Product 0375,Clothing,30.5,76.26,0.603,B,12,2023-01-01
376,SKU-0376,Home & Garden Product 0376,Home & Garden,131.84,292.98,0.828,C,6,2023-01-01
377,SKU-0377,Beauty Product 0377,Beauty,31.02,88.63,0.194,B,8,2023-01-01
378,SKU-0378,Electronics Product 0378,Electronics,137.83,250.6,0.695,C,2,2023-01-01
379,SKU-0379,Electronics Product 0379,Electronics,147.21,267.66,1.022,B,10,2023-01-01
380,SKU-0380,Sports Product 0380,Sports,59.05,118.1,2.623,B,3,2023-01-01
381,SKU-0381,Home & Garden Product 0381,Home & Garden,126.5,281.12,3.661,A,4,2023-01-01
382,SKU-0382,Clothing Product 0382,Clothing,43.88,109.69,0.46,C,8,2023-01-01
383,SKU-0383,Home & Garden Product 0383,Home & Garden,70.54,156.75,0.632,B,7,2023-01-01
384,SKU-0384,Beauty Product 0384,Beauty,25.9,74.01,0.158,C,10,2023-01-01
385,SKU-0385,Home & Garden Product 0385,Home & Garden,12.99,28.87,1.551,A,10,2023-01-01
386,SKU-0386,Sports Product 0386,Sports,66.08,132.16,0.223,C,2,2023-01-01
387,SKU-0387,Sports Product 0387,Sports,37.62,75.23,0.941,A,6,2023-01-01
388,SKU-0388,Sports Product 0388,Sports,81.11,162.23,1.322,A,10,2023-01-01
389,SKU-0389,Beauty Product 0389,Beauty,13.04,37.25,0.299,A,2,2023-01-01
390,SKU-0390,Sports Product 0390,Sports,107.05,214.1,2.34,C,5,2023-01-01
391,SKU-0391,Beauty Product 0391,Beauty,36.84,105.26,0.103,A,2,2023-01-01
392,SKU-0392,Sports Product 0392,Sports,82.47,164.95,2.963,C,9,2023-01-01
393,SKU-0393,Home & Garden Product 0393,Home & Garden,103.58,230.17,1.155,C,9,2023-01-01
394,SKU-0394,Sports Product 0394,Sports,106.27,212.53,0.327,A,3,2023-01-01
395,SKU-0395,Home & Garden Product 0395,Home & Garden,109.86,244.13,2.693,C,3,2023-01-01
396,SKU-0396,Beauty Product 0396,Beauty,47.26,135.04,0.113,C,15,2023-01-01
397,SKU-0397,Beauty Product 0397,Beauty,19.11,54.59,0.227,B,10,2023-01-01
398,SKU-0398,Home & Garden Product 0398,Home & Garden,82.89,184.21,2.635,C,9,2023-01-01
399,SKU-0399,Beauty Product 0399,Beauty,27.5,78.58,0.303,B,8,2023-01-01
400,SKU-0400,Electronics Product 0400,Electronics,179.45,326.27,1.717,C,7,2023-01-01
401,SKU-0401,Beauty Product 0401,Beauty,18.57,53.07,0.454,C,14,2023-01-01
402,SKU-0402,Electronics Product 0402,Electronics,273.72,497.68,0.737,B,11,2023-01-01
403,SKU-0403,Beauty Product 0403,Beauty,31.8,90.87,0.375,C,10,2023-01-01
404,SKU-0404,Sports Product 0404,Sports,44.47,88.94,1.961,C,10,2023-01-01
405,SKU-0405,Sports Product 0405,Sports,40.21,80.42,2.106,C,1,2023-01-01
406,SKU-0406,Beauty Product 0406,Beauty,49.96,142.75,0.099,B,1,2023-01-01
407,SKU-0407,Sports Product 0407,Sports,71.31,142.63,0.624,A,12,2023-01-01
408,SKU-0408,Clothing Product 0408,Clothing,37.55,93.87,0.642,C,15,2023-01-01
409,SKU-0409,Sports Product 0409,Sports,176.16,352.31,2.26,A,1,2023-01-01
410,SKU-0410,Clothing Product 0410,Clothing,45.34,113.36,0.493,B,11,2023-01-01
411,SKU-0411,Sports Product 0411,Sports,111.03,222.05,1.079,C,3,2023-01-01
412,SKU-0412,Sports Product 0412,Sports,183.53,367.05,1.159,B,6,2023-01-01
413,SKU-0413,Home & Garden Product 0413,Home & Garden,84.99,188.87,1.123,C,4,2023-01-01
414,SKU-0414,Home & Garden Product 0414,Home & Garden,78.32,174.05,1.279,C,5,2023-01-01
415,SKU-0415,Home & Garden Product 0415,Home & Garden,97.16,215.9,3.513,C,8,2023-01-01
416,SKU-0416,Home & Garden Product 0416,Home & Garden,68.28,151.74,2.89,C,15,2023-01-01
417,SKU-0417,Home & Garden Product 0417,Home & Garden,43.66,97.02,2.953,C,9,2023-01-01
418,SKU-0418,Sports Product 0418,Sports,180.46,360.91,1.305,C,6,2023-01-01
419,SKU-0419,Clothing Product 0419,Clothing,28.91,72.28,0.301,B,12,2023-01-01
420,SKU-0420,Electronics Product 0420,Electronics,170.37,309.77,1.162,A,5,2023-01-01
421,SKU-0421,Sports Product 0421,Sports,52.62,105.25,2.518,B,5,2023-01-01
422,SKU-0422,Beauty Product 0422,Beauty,37.61,107.46,0.112,B,10,2023-01-01
423,SKU-0423,Beauty Product 0423,Beauty,15.22,43.5,0.073,B,15,2023-01-01
424,SKU-0424,Beauty Product 0424,Beauty,14.56,41.59,0.155,C,2,2023-01-01
425,SKU-0425,Sports Product 0425,Sports,74.43,148.86,1.523,A,11,2023-01-01
426,SKU-0426,Clothing Product 0426,Clothing,8.37,20.93,0.485,C,15,2023-01-01
427,SKU-0427,Clothing Product 0427,Clothing,37.3,93.24,0.755,B,15,2023-01-01
428,SKU-0428,Sports Product 0428,Sports,102.02,204.04,0.758,A,5,2023-01-01
429,SKU-0429,Home & Garden Product 0429,Home & Garden,43.35,96.34,0.484,C,13,2023-01-01
430,SKU-0430,Electronics Product 0430,Electronics,296.57,539.22,0.657,C,12,2023-01-01
431,SKU-0431,Electronics Product 0431,Electronics,404.21,734.92,0.52,B,15,2023-01-01
432,SKU-0432,Clothing Product 0432,Clothing,75.24,188.11,0.125,C,14,2023-01-01
433,SKU-0433,Sports Product 0433,Sports,160.25,320.49,0.722,B,12,2023-01-01
434,SKU-0434,Home & Garden Product 0434,Home & Garden,119.19,264.87,0.244,C,10,2023-01-01
435,SKU-0435,Beauty Product 0435,Beauty,8.76,25.02,0.492,C,5,2023-01-01
436,SKU-0436,Sports Product 0436,Sports,197.96,395.91,1.721,C,8,2023-01-01
437,SKU-0437,Clothing Product 0437,Clothing,69.28,173.19,0.428,B,4,2023-01-01
438,SKU-0438,Electronics Product 0438,Electronics,163.91,298.01,1.855,C,11,2023-01-01
439,SKU-0439,Home & Garden Product 0439,Home & Garden,98.91,219.8,0.268,B,6,2023-01-01
440,SKU-0440,Home & Garden Product 0440,Home & Garden,79.57,176.82,3.835,C,3,2023-01-01
441,SKU-0441,Beauty Product 0441,Beauty,45.45,129.86,0.454,B,14,2023-01-01
442,SKU-0442,Sports Product 0442,Sports,109.11,218.23,0.443,C,11,2023-01-01
443,SKU-0443,Electronics Product 0443,Electronics,103.72,188.59,0.437,C,6,2023-01-01
444,SKU-0444,Clothing Product 0444,Clothing,8.49,21.23,0.369,A,8,2023-01-01
445,SKU-0445,Home & Garden Product 0445,Home & Garden,129.1,286.9,1.649,C,12,2023-01-01
446,SKU-0446,Beauty Product 0446,Beauty,4.06,11.6,0.344,C,12,2023-01-01
447,SKU-0447,Clothing Product 0447,Clothing,12.47,31.18,0.183,A,5,2023-01-01
448,SKU-0448,Clothing Product 0448,Clothing,37.19,92.97,0.452,C,15,2023-01-01
449,SKU-0449,Home & Garden Product 0449,Home & Garden,95.28,211.73,3.266,C,5,2023-01-01
450,SKU-0450,Home & Garden Product 0450,Home & Garden,85.58,190.17,1.252,C,3,2023-01-01
451,SKU-0451,Sports Product 0451,Sports,41.22,82.44,2.294,B,10,2023-01-01
452,SKU-0452,Home & Garden Product 0452,Home & Garden,60.08,133.52,2.836,C,8,2023-01-01
453,SKU-0453,Beauty Product 0453,Beauty,42.8,122.28,0.422,B,13,2023-01-01
454,SKU-0454,Clothing Product 0454,Clothing,56.98,142.46,0.517,B,13,2023-01-01
455,SKU-0455,Electronics Product 0455,Electronics,244.27,444.13,1.368,B,6,2023-01-01
456,SKU-0456,Electronics Product 0456,Electronics,405.86,737.93,0.369,A,14,2023-01-01
457,SKU-0457,Beauty Product 0457,Beauty,47.74,136.4,0.141,B,9,2023-01-01
458,SKU-0458,Clothing Product 0458,Clothing,19.85,49.62,0.698,C,8,2023-01-01
459,SKU-0459,Electronics Product 0459,Electronics,308.12,560.22,1.821,C,8,2023-01-01
460,SKU-0460,Electronics Product 0460,Electronics,398.29,724.17,1.169,B,1,2023-01-01
461,SKU-0461,Sports Product 0461,Sports,37.24,74.48,1.363,B,10,2023-01-01
462,SKU-0462,Electronics Product 0462,Electronics,258.01,469.1,1.715,C,5,2023-01-01
463,SKU-0463,Electronics Product 0463,Electronics,190.83,346.96,2.059,A,12,2023-01-01
464,SKU-0464,Clothing Product 0464,Clothing,49.64,124.1,0.132,C,6,2023-01-01
465,SKU-0465,Electronics Product 0465,Electronics,250.73,455.87,0.245,B,15,2023-01-01
466,SKU-0466,Electronics Product 0466,Electronics,434.28,789.6,1.233,C,5,2023-01-01
467,SKU-0467,Sports Product 0467,Sports,46.24,92.49,0.579,C,11,2023-01-01
468,SKU-0468,Sports Product 0468,Sports,82.71,165.42,2.696,B,8,2023-01-01
469,SKU-0469,Sports Product 0469,Sports,82.94,165.87,2.112,C,11,2023-01-01
470,SKU-0470,Beauty Product 0470,Beauty,10.02,28.62,0.437,B,2,2023-01-01
471,SKU-0471,Clothing Product 0471,Clothing,79.48,198.71,0.375,C,3,2023-01-01
472,SKU-0472,Clothing Product 0472,Clothing,68.11,170.27,0.629,A,5,2023-01-01
473,SKU-0473,Sports Product 0473,Sports,138.78,277.56,1.724,A,9,2023-01-01
474,SKU-0474,Sports Product 0474,Sports,166.88,333.76,0.893,C,6,2023-01-01
475,SKU-0475,Clothing Product 0475,Clothing,27.85,69.62,0.756,A,12,2023-01-01
476,SKU-0476,Electronics Product 0476,Electronics,40.79,74.16,1.684,C,10,2023-01-01
477,SKU-0477,Electronics Product 0477,Electronics,126.78,230.5,0.261,B,10,2023-01-01
478,SKU-0478,Electronics Product 0478,Electronics,211.66,384.83,1.713,C,14,2023-01-01
479,SKU-0479,Electronics Product 0479,Electronics,128.45,233.55,0.206,C,8,2023-01-01
480,SKU-0480,Clothing Product 0480,Clothing,46.86,117.16,0.628,C,13,2023-01-01
481,SKU-0481,Electronics Product 0481,Electronics,85.31,155.1,2.484,C,4,2023-01-01
482,SKU-0482,Beauty Product 0482,Beauty,19.13,54.65,0.319,C,11,2023-01-01
483,SKU-0483,Home & Garden Product 0483,Home & Garden,37.13,82.52,4.406,B,11,2023-01-01
484,SKU-0484,Beauty Product 0484,Beauty,14.33,40.95,0.185,C,1,2023-01-01
485,SKU-0485,Beauty Product 0485,Beauty,49.98,142.79,0.446,A,15,2023-01-01
486,SKU-0486,Clothing Product 0486,Clothing,53.07,132.68,0.399,B,8,2023-01-01
487,SKU-0487,Electronics Product 0487,Electronics,428.57,779.22,2.36,C,11,2023-01-01
488,SKU-0488,Sports Product 0488,Sports,159.84,319.68,1.092,A,7,2023-01-01
489,SKU-0489,Sports Product 0489,Sports,40.48,80.96,1.254,C,13,2023-01-01
490,SKU-0490,Beauty Product 0490,Beauty,26.7,76.29,0.432,B,5,2023-01-01
491,SKU-0491,Clothing Product 0491,Clothing,66.02,165.04,0.74,C,9,2023-01-01
492,SKU-0492,Sports Product 0492,Sports,193.96,387.92,1.76,A,3,2023-01-01
493,SKU-0493,Sports Product 0493,Sports,58.03,116.07,0.769,C,11,2023-01-01
494,SKU-0494,Electronics Product 0494,Electronics,407.92,741.67,2.133,B,2,2023-01-01
495,SKU-0495,Beauty Product 0495,Beauty,39.0,111.44,0.136,C,5,2023-01-01
496,SKU-0496,Sports Product 0496,Sports,138.81,277.63,1.888,B,14,2023-01-01
497,SKU-0497,Electronics Product 0497,Electronics,105.12,191.12,1.928,C,12,2023-01-01
498,SKU-0498,Beauty Product 0498,Beauty,14.13,40.38,0.144,B,15,2023-01-01
499,SKU-0499,Home & Garden Product 0499,Home & Garden,45.63,101.41,4.563,A,4,2023-01-01
500,SKU-0500,Clothing Product 0500,Clothing,77.27,193.17,0.182,B,13,2023-01-01
